"Path","Changed","OldRiffSize","NewRiffSize","OldDataSize","NewDataSize"
"Resources\sounds\sfx\game\success_playful_23.wav","True","0","100902","0","100864"
"Resources\sounds\sfx\game\VYBUCH_fdn_explosion_detonation-louder-cut.wav","True","0","162470","0","162432"
"Resources\sounds\sfx\game\ZOBRAZENILABELU_bullet_casing_9mm_drop_on_dirt_02.wav","True","0","45222","0","45184"
"Resources\sounds\sfx\game\new\AIRSTRIKE.wav","True","0","168102","0","168064"
"Resources\sounds\sfx\game\new\BULLET_CASING_DROP_1.wav","True","0","49190","0","49152"
"Resources\sounds\sfx\game\new\BULLET_CASING_DROP_2.wav","True","0","48038","0","48000"
"Resources\sounds\sfx\game\new\BULLET_CASING_DROP_3.wav","True","0","80934","0","80896"
"Resources\sounds\sfx\game\new\CARD_ENEMY.wav","True","0","121126","0","121088"
"Resources\sounds\sfx\game\new\CARD_PLAYER.wav","True","0","109606","0","109568"
"Resources\sounds\sfx\game\new\COUNTDOWN_BEEP_V4.wav","True","0","24486","0","24448"
"Resources\sounds\sfx\game\new\CRATE_DESTROYED.wav","True","0","60710","0","60672"
"Resources\sounds\sfx\game\new\CRATE_DESTROYED_BY_ENEMY.wav","True","0","48806","0","48768"
"Resources\sounds\sfx\game\new\CRATE_FALL.wav","True","0","37798","0","37760"
"Resources\sounds\sfx\game\new\CRATE_INCOMING.wav","True","0","336038","0","336000"
"Resources\sounds\sfx\game\new\CRITICAL_HIT_1.wav","True","0","30118","0","30080"
"Resources\sounds\sfx\game\new\CRITICAL_HIT_2.wav","True","0","30118","0","30080"
"Resources\sounds\sfx\game\new\DEPLOY_UNITS.wav","True","0","17446","0","17408"
"Resources\sounds\sfx\game\new\ELECTRIC_TRAP_KILL_1.wav","True","0","84134","0","84096"
"Resources\sounds\sfx\game\new\ELECTRIC_TRAP_KILL_2.wav","True","0","84134","0","84096"
"Resources\sounds\sfx\game\new\ENEMY_AUG.wav","True","0","110374","0","110336"
"Resources\sounds\sfx\game\new\EXPLOSION_BAREL.wav","True","0","148134","0","148096"
"Resources\sounds\sfx\game\new\EXPLOSION_LARGE.wav","True","0","187686","0","187648"
"Resources\sounds\sfx\game\new\EXPLOSION_MEDIUM.wav","True","0","161574","0","161536"
"Resources\sounds\sfx\game\new\EXPLOSION_MOLOTOV.wav","True","0","193830","0","193792"
"Resources\sounds\sfx\game\new\EXPLOSION_SMALL.wav","True","0","160038","0","160000"
"Resources\sounds\sfx\game\new\FIGHT.wav","True","0","136614","0","136576"
"Resources\sounds\sfx\game\new\HEARTBEAT_2.wav","True","0","12454","0","12416"
"Resources\sounds\sfx\game\new\IMMUNE.wav","True","0","24102","0","24064"
"Resources\sounds\sfx\game\new\INTRODUCTION.wav","True","0","114342","0","114304"
"Resources\sounds\sfx\game\new\INTRODUCTION_VS.wav","True","0","57766","0","57728"
"Resources\sounds\sfx\game\new\INVADER_SHIELD_DESTROY.wav","True","0","144038","0","144000"
"Resources\sounds\sfx\game\new\INVADER_SHIELD_REGEN.wav","True","0","106278","0","106240"
"Resources\sounds\sfx\game\new\LOST_SOUND.wav","True","0","226342","0","226304"
"Resources\sounds\sfx\game\new\MINE_BEEP.wav","True","0","18470","0","18432"
"Resources\sounds\sfx\game\new\NEWWAVE.wav","True","0","204838","0","204800"
"Resources\sounds\sfx\game\new\OVERTIME.wav","True","0","141478","0","141440"
"Resources\sounds\sfx\game\new\OVERTIME_ALARM.wav","True","0","53158","0","53120"
"Resources\sounds\sfx\game\new\PLAYER_AUG.wav","True","0","99366","0","99328"
"Resources\sounds\sfx\game\new\PLAYER_HIT_1.wav","True","0","54694","0","54656"
"Resources\sounds\sfx\game\new\PLAYER_HIT_2.wav","True","0","54694","0","54656"
"Resources\sounds\sfx\game\new\PLAYER_HIT_3.wav","True","0","39334","0","39296"
"Resources\sounds\sfx\game\new\PLAYER_HIT_4.wav","True","0","38438","0","38400"
"Resources\sounds\sfx\game\new\RELOAD_1.wav","True","0","113574","0","113536"
"Resources\sounds\sfx\game\new\RELOAD_PISTOL.wav","True","0","115878","0","115840"
"Resources\sounds\sfx\game\new\RIBBON.wav","True","0","112806","0","112768"
"Resources\sounds\sfx\game\new\SHIELD_DESTROYED.wav","True","0","143142","0","143104"
"Resources\sounds\sfx\game\new\SHIELD_HIT_1.wav","True","0","30374","0","30336"
"Resources\sounds\sfx\game\new\SHIELD_HIT_2.wav","True","0","30246","0","30208"
"Resources\sounds\sfx\game\new\SHIELD_HIT_3.wav","True","0","30374","0","30336"
"Resources\sounds\sfx\game\new\SHIELD_HIT_4.wav","True","0","31526","0","31488"
"Resources\sounds\sfx\game\new\SHIELD_HIT_5.wav","True","0","40230","0","40192"
"Resources\sounds\sfx\game\new\SHIELD_HIT_6.wav","True","0","39974","0","39936"
"Resources\sounds\sfx\game\new\SHIELD_HIT_7.wav","True","0","30246","0","30208"
"Resources\sounds\sfx\game\new\SHIELD_HIT_8.wav","True","0","33318","0","33280"
"Resources\sounds\sfx\game\new\TURRET.wav","True","0","84518","0","84480"
"Resources\sounds\sfx\game\new\WAVECOMPLETED.wav","True","0","291110","0","291072"
"Resources\sounds\sfx\game\new\WEAPON_SWITCH_EXPLOSIVE.wav","True","0","41126","0","41088"
"Resources\sounds\sfx\game\new\WEAPON_SWITCH_HANDGUN.wav","True","0","17574","0","17536"
"Resources\sounds\sfx\game\new\WEAPON_SWITCH_PRIMARY.wav","True","0","31014","0","30976"
"Resources\sounds\sfx\game\new\WEAPON_SWITCH_SECONDARY.wav","True","0","32934","0","32896"
"Resources\sounds\sfx\game\new\WIN_SOUND.wav","True","0","284710","0","284672"
"Resources\sounds\sfx\game\new\YOULOST.wav","True","0","186534","0","186496"
"Resources\sounds\sfx\game\new\YOUWIN.wav","True","0","147110","0","147072"
"Resources\sounds\sfx\game\new\todo\CRATE_IMPACT_1.wav","True","0","7846","0","7808"
"Resources\sounds\sfx\game\new\todo\CRATE_IMPACT_2.wav","True","0","15910","0","15872"
"Resources\sounds\sfx\game\new\todo\HEARTBEAT_1.wav","True","0","9894","0","9856"
"Resources\sounds\sfx\game\new\todo\HEARTBEAT_3.wav","True","0","9894","0","9856"
"Resources\sounds\sfx\game\new\todo\PLAYER_HIT_HARD.wav","True","0","32294","0","32256"
"Resources\sounds\sfx\game\units\breach\BreachC4Beep.wav","True","0","72870","0","72832"
"Resources\sounds\sfx\game\units\breach\BreachC4Explode.wav","True","0","82726","0","82688"
"Resources\sounds\sfx\game\units\breach\BreachSpecialAbilityShield.wav","True","0","82726","0","82688"
"Resources\sounds\sfx\game\units\breach\BreachTrigger1.wav","True","0","11174","0","11136"
"Resources\sounds\sfx\game\units\breach\BreachTrigger2.wav","True","0","3366","0","3328"
"Resources\sounds\sfx\game\units\breach\BreachTurretMove.wav","True","0","22182","0","22144"
"Resources\sounds\sfx\game\units\breach\BreachTurretShoot.wav","True","0","44198","0","44160"
"Resources\sounds\sfx\game\units\havoc\Havoc_Death.wav","True","0","108070","0","108032"
"Resources\sounds\sfx\game\units\havoc\Havoc_Engine.wav","True","0","384038","0","384000"
"Resources\sounds\sfx\game\units\havoc\Havoc_Spawn.wav","True","0","192038","0","192000"
"Resources\sounds\sfx\game\units\instinct\Instinct_LaserEnd.wav","True","0","71718","0","71680"
"Resources\sounds\sfx\game\units\instinct\Instinct_LaserHurt.wav","True","0","330790","0","330752"
"Resources\sounds\sfx\game\units\instinct\Instinct_LaserStart.wav","True","0","441126","0","441088"
"Resources\sounds\sfx\menu\bwv_mechanical_stamp_02.wav","True","0","148134","0","148096"
"Resources\sounds\sfx\menu\cinematic_hit_explosion_05.wav","True","0","185638","0","185600"
"Resources\sounds\sfx\menu\COUNTERelectronicblip01.wav","True","0","1318","0","1280"
"Resources\sounds\sfx\menu\unit-promoted.wav","True","0","490150","0","490112"
"Resources\sounds\sfx\menu\new\AugReceived.wav","True","0","198566","0","198528"
"Resources\sounds\sfx\menu\new\BOOTCAMP_CLICK.wav","True","0","28582","0","28544"
"Resources\sounds\sfx\menu\new\BOOTCAMP_DIALOG_DISSAPEAR.wav","True","0","39846","0","39808"
"Resources\sounds\sfx\menu\new\BOOTCAMP_DIALOG_POPUP.wav","True","0","97190","0","97152"
"Resources\sounds\sfx\menu\new\BOOTCAMP_DIALOG_POPUP_V3.wav","True","0","50726","0","50688"
"Resources\sounds\sfx\menu\new\BOOTCAMP_ENEMY_PRESENT.wav","True","0","191910","0","191872"
"Resources\sounds\sfx\menu\new\BOOTCAMP_INTRO.wav","True","0","194086","0","194048"
"Resources\sounds\sfx\menu\new\BOOTCAMP_OBJECTIVE_COMPLETE.wav","True","0","76838","0","76800"
"Resources\sounds\sfx\menu\new\BOOTCAMP_UNIT_PRESENT.wav","True","0","160422","0","160384"
"Resources\sounds\sfx\menu\new\BOOTCAMP_WOOSH.wav","True","0","219302","0","219264"
"Resources\sounds\sfx\menu\new\BUY_DEFAULT.wav","True","0","126502","0","126464"
"Resources\sounds\sfx\menu\new\BUY_VIP.wav","True","0","111270","0","111232"
"Resources\sounds\sfx\menu\new\CARD.wav","True","0","19494","0","19456"
"Resources\sounds\sfx\menu\new\CARD_RETURN.wav","True","0","10790","0","10752"
"Resources\sounds\sfx\menu\new\CARD_REWARD.wav","True","0","18854","0","18816"
"Resources\sounds\sfx\menu\new\CLAIM_DAILY_ASSIGNMENTS_MONO.wav","True","0","16294","0","16256"
"Resources\sounds\sfx\menu\new\CLICK_V1.wav","True","0","11174","0","11136"
"Resources\sounds\sfx\menu\new\COINS_V1.wav","True","0","174374","0","174336"
"Resources\sounds\sfx\menu\new\CONGRATULATIONS_SCREEN_BOOTCAMP.wav","True","0","122278","0","122240"
"Resources\sounds\sfx\menu\new\COUNTDOWN_BEEP_V1.wav","True","0","11046","0","11008"
"Resources\sounds\sfx\menu\new\CrateOpen.wav","True","0","143398","0","143360"
"Resources\sounds\sfx\menu\new\DAILY_ASSIGNMENTS_MONO.wav","True","0","205350","0","205312"
"Resources\sounds\sfx\menu\new\Dismantle.wav","True","0","94118","0","94080"
"Resources\sounds\sfx\menu\new\DOGTAG_GAIN.wav","True","0","78758","0","78720"
"Resources\sounds\sfx\menu\new\DOGTAG_LOST.wav","True","0","115622","0","115584"
"Resources\sounds\sfx\menu\new\INVASION_DOGTAG_LOST.wav","True","0","245926","0","245888"
"Resources\sounds\sfx\menu\new\ODMENA_OBECNE_V1.wav","True","0","108710","0","108672"
"Resources\sounds\sfx\menu\new\openlootbox-ending-itemcompleted.wav","True","0","378406","0","378368"
"Resources\sounds\sfx\menu\new\openlootbox-ending-legendary.wav","True","0","280870","0","280832"
"Resources\sounds\sfx\menu\new\openlootbox.wav","True","0","172838","0","172800"
"Resources\sounds\sfx\menu\new\OPONENT_FOUND_V1.wav","True","0","217254","0","217216"
"Resources\sounds\sfx\menu\new\OPONENT_SEARCH.wav","True","0","934","0","896"
"Resources\sounds\sfx\menu\new\Promoted.wav","True","0","212006","0","211968"
"Resources\sounds\sfx\menu\new\RANK_UP.wav","True","0","307238","0","307200"
"Resources\sounds\sfx\menu\new\RESULT_COUNTER_BEEP.wav","True","0","12070","0","12032"
"Resources\sounds\sfx\menu\new\RESULT_SCREEN_FLASH.wav","True","0","12838","0","12800"
"Resources\sounds\sfx\menu\new\Reward.wav","True","0","139174","0","139136"
"Resources\sounds\sfx\menu\new\STAR.wav","True","0","115622","0","115584"
"Resources\sounds\sfx\menu\new\Unit_Promoted.wav","True","0","150822","0","150784"
"Resources\sounds\sfx\menu\new\UNLOCK_V2.wav","True","0","56102","0","56064"
"Resources\sounds\sfx\menu\new\UPGRADE.wav","True","0","65702","0","65664"
"Resources\sounds\sfx\menu\new\UPGRADE_ACTIVATE.wav","True","0","67878","0","67840"
"Resources\sounds\sfx\menu\new\WEAPON_EQUIP_CLICK_V1.wav","True","0","36134","0","36096"
"Resources\sounds\sfx\menu\new\unused\BATTLE_REWARDS_WOOSH.wav","True","0","153638","0","153600"
"Resources\sounds\sfx\menu\new\unused\CLICK_V2.wav","True","0","11174","0","11136"
"Resources\sounds\sfx\menu\new\unused\CLICK_V3.wav","True","0","12070","0","12032"
"Resources\sounds\sfx\menu\new\unused\CLICK_V4.wav","True","0","12070","0","12032"
"Resources\sounds\sfx\menu\new\unused\CLICK_V5.wav","True","0","12070","0","12032"
"Resources\sounds\sfx\menu\new\unused\COINS_V2.wav","True","0","126630","0","126592"
"Resources\sounds\sfx\menu\new\unused\COUNTDOWN_BEEP_V2.wav","True","0","3622","0","3584"
"Resources\sounds\sfx\menu\new\unused\COUNTDOWN_BEEP_V3.wav","True","0","15014","0","14976"
"Resources\sounds\sfx\menu\new\unused\OPONENT_FOUND_V2.wav","True","0","167206","0","167168"
"Resources\sounds\sfx\menu\new\unused\UNLOCK_V1.wav","True","0","54182","0","54144"
"Resources\sounds\sfx\menu\new\unused\WEAPON_EQUIP_CLICK_V2.wav","True","0","29350","0","29312"
"Resources\sounds\sfx\menu\new\unused\WEAPON_EQUIP_CLICK_V3.wav","True","0","43814","0","43776"
"Resources\sounds\sfx\vehicles\new\backbone\BackBoneDeath.wav","True","0","86694","0","86656"
"Resources\sounds\sfx\vehicles\new\backbone\BackBoneReachTarget.wav","True","0","117542","0","117504"
"Resources\sounds\sfx\vehicles\new\buggy\BUGGY_DEATH.wav","True","0","80678","0","80640"
"Resources\sounds\sfx\vehicles\new\buggy\BUGGY_ENGINE LOOP.wav","True","0","443046","0","443008"
"Resources\sounds\sfx\vehicles\new\buggy\BUGGY_START.wav","True","0","453030","0","452992"
"Resources\sounds\sfx\vehicles\new\bunker\Bunker_Death.wav","True","0","197542","0","197504"
"Resources\sounds\sfx\vehicles\new\bunker\Bunker_Spawn.wav","True","0","441126","0","441088"
"Resources\sounds\sfx\vehicles\new\cobra\COBRA_DEATH.wav","True","0","99366","0","99328"
"Resources\sounds\sfx\vehicles\new\cobra\COBRA_ENGINE_LOOP.wav","True","0","387750","0","387712"
"Resources\sounds\sfx\vehicles\new\cobra\COBRA_MEDKIT_DROP.wav","True","0","31654","0","31616"
"Resources\sounds\sfx\vehicles\new\cobra\COBRA_MEDKIT_PICKUP.wav","True","0","66854","0","66816"
"Resources\sounds\sfx\vehicles\new\cobra\COBRA_START.wav","True","0","266406","0","266368"
"Resources\sounds\sfx\vehicles\new\drone\DRONE_CRIT.wav","True","0","56870","0","56832"
"Resources\sounds\sfx\vehicles\new\drone\DRONE_DEATH.wav","True","0","204070","0","204032"
"Resources\sounds\sfx\vehicles\new\drone\DRONE_ENGINE_LOOP.wav","True","0","296742","0","296704"
"Resources\sounds\sfx\vehicles\new\drone\DRONE_START.wav","True","0","307238","0","307200"
"Resources\sounds\sfx\vehicles\new\exo\EXO_LAND.wav","True","0","113062","0","113024"
"Resources\sounds\sfx\vehicles\new\exo\EXO_ROCKET.wav","True","0","28070","0","28032"
"Resources\sounds\sfx\vehicles\new\exo\EXO_STEP.wav","True","0","157478","0","157440"
"Resources\sounds\sfx\vehicles\new\humvee\HUMVEE_DEATH.wav","True","0","110886","0","110848"
"Resources\sounds\sfx\vehicles\new\humvee\HUMVEE_ENGINE_LOOP.wav","True","0","388902","0","388864"
"Resources\sounds\sfx\vehicles\new\humvee\HUMVEE_START.wav","True","0","395174","0","395136"
"Resources\sounds\sfx\vehicles\new\mech\crusher-walk-short.wav","True","0","163238","0","163200"
"Resources\sounds\sfx\vehicles\new\orca\ORCA_DEATH.wav","True","0","103206","0","103168"
"Resources\sounds\sfx\vehicles\new\orca\ORCA_ENGINE_LOOP.wav","True","0","375078","0","375040"
"Resources\sounds\sfx\vehicles\new\orca\ORCA_START.wav","True","0","271014","0","270976"
"Resources\sounds\sfx\vehicles\new\predator\PREDATOR_DEATH.wav","True","0","102566","0","102528"
"Resources\sounds\sfx\vehicles\new\predator\PREDATOR_DEPLOY_REPAIR_DRONE.wav","True","0","61094","0","61056"
"Resources\sounds\sfx\vehicles\new\predator\PREDATOR_ENGINE_LOOP.wav","True","0","350246","0","350208"
"Resources\sounds\sfx\vehicles\new\predator\PREDATOR_START.wav","True","0","388902","0","388864"
"Resources\sounds\sfx\vehicles\new\spiderbot\SPIDERBOT_BIRTH.wav","True","0","264742","0","264704"
"Resources\sounds\sfx\vehicles\new\spiderbot\SPIDERBOT_ENGINE.wav","True","0","756262","0","756224"
"Resources\sounds\sfx\vehicles\new\spiderbot\SPIDERBOT_LAND.wav","True","0","132390","0","132352"
"Resources\sounds\sfx\vehicles\new\spiderbot\SPIDERLING_WALK.wav","True","0","33190","0","33152"
"Resources\sounds\sfx\vehicles\new\titan\TITAN_CANON_SHOT.wav","True","0","142118","0","142080"
"Resources\sounds\sfx\vehicles\new\titan\TITAN_DEATH.wav","True","0","95526","0","95488"
"Resources\sounds\sfx\vehicles\new\titan\TITAN_ENGINE_LOOP.wav","True","0","404390","0","404352"
"Resources\sounds\sfx\vehicles\new\titan\TITAN_START.wav","True","0","396582","0","396544"
"Resources\sounds\sfx\vehicles\new\vtol\VTOL_DEATH.wav","True","0","201382","0","201344"
"Resources\sounds\sfx\vehicles\new\vtol\VTOL_ENGINE.wav","True","0","957862","0","957824"
"Resources\sounds\sfx\vehicles\new\vtol\VTOL_START.wav","True","0","372134","0","372096"
"Resources\sounds\sfx\vehicles\new\warper\Laser Noise_05(warp)-short.wav","True","0","140966","0","140928"
"Resources\sounds\sfx\weapons\assaultrifle\SHOT_ASSAULT_1.wav","True","0","113830","0","113792"
"Resources\sounds\sfx\weapons\assaultrifle\SHOT_ASSAULT_2.wav","True","0","114214","0","114176"
"Resources\sounds\sfx\weapons\assaultrifle\SHOT_ASSAULT_3.wav","True","0","114726","0","114688"
"Resources\sounds\sfx\weapons\assaultrifle\SHOT_ASSAULT_4.wav","True","0","113062","0","113024"
"Resources\sounds\sfx\weapons\assaultrifle\SHOT_ASSAULT_5.wav","True","0","115366","0","115328"
"Resources\sounds\sfx\weapons\assaultrifle\SHOT_ASSAULT_6.wav","True","0","115366","0","115328"
"Resources\sounds\sfx\weapons\grenade\coctail_impact.wav","True","0","165542","0","165504"
"Resources\sounds\sfx\weapons\grenade\coctail_throw.wav","True","0","11558","0","11520"
"Resources\sounds\sfx\weapons\grenade\grenade_throw.wav","True","0","51238","0","51200"
"Resources\sounds\sfx\weapons\grenade\throw.wav","True","0","19110","0","19072"
"Resources\sounds\sfx\weapons\handgun\SHOT_PISTOL_1.wav","True","0","98470","0","98432"
"Resources\sounds\sfx\weapons\handgun\SHOT_PISTOL_2.wav","True","0","100390","0","100352"
"Resources\sounds\sfx\weapons\handgun\SHOT_PISTOL_3.wav","True","0","182950","0","182912"
"Resources\sounds\sfx\weapons\handgun\SHOT_PISTOL_4.wav","True","0","175910","0","175872"
"Resources\sounds\sfx\weapons\handgun\SHOT_PISTOL_5.wav","True","0","114342","0","114304"
"Resources\sounds\sfx\weapons\launchers\SHOT_LAUNCHER_1.wav","True","0","290214","0","290176"
"Resources\sounds\sfx\weapons\launchers\SHOT_LAUNCHER_2.wav","True","0","31270","0","31232"
"Resources\sounds\sfx\weapons\launchers\SHOT_LAUNCHER_3.wav","True","0","182950","0","182912"
"Resources\sounds\sfx\weapons\launchers\SHOT_LAUNCHER_4.wav","True","0","182950","0","182912"
"Resources\sounds\sfx\weapons\launchers\SHOT_LAUNCHER_5.wav","True","0","182950","0","182912"
"Resources\sounds\sfx\weapons\launchers\SHOT_LAUNCHER_6.wav","True","0","265510","0","265472"
"Resources\sounds\sfx\weapons\lmg\M249 5.56 caliber machine gun  double shot close perspective_BLASTWAVEFX_09527.wav","True","0","16038","0","16000"
"Resources\sounds\sfx\weapons\lmg\SHOT_LMG_1.wav","True","0","118438","0","118400"
"Resources\sounds\sfx\weapons\lmg\SHOT_LMG_2.wav","True","0","152998","0","152960"
"Resources\sounds\sfx\weapons\lmg\SHOT_LMG_3.wav","True","0","108454","0","108416"
"Resources\sounds\sfx\weapons\lmg\SHOT_LMG_4.wav","True","0","150310","0","150272"
"Resources\sounds\sfx\weapons\lmg\SHOT_LMG_5.wav","True","0","170534","0","170496"
"Resources\sounds\sfx\weapons\mineammo\mineyourstep-beep.wav","True","0","32678","0","32640"
"Resources\sounds\sfx\weapons\minigun\MINIGUN_MOTOR_DOWN.wav","True","0","161574","0","161536"
"Resources\sounds\sfx\weapons\minigun\MINIGUN_MOTOR_LOOP.wav","True","0","304038","0","304000"
"Resources\sounds\sfx\weapons\minigun\MINIGUN_MOTOR_UP.wav","True","0","104614","0","104576"
"Resources\sounds\sfx\weapons\minigun\SHOT_MINIGUN.wav","True","0","119590","0","119552"
"Resources\sounds\sfx\weapons\pulserifle\Pulse_Burst_Shot.wav","True","0","55206","0","55168"
"Resources\sounds\sfx\weapons\pulserifle\Pulse_Charge.wav","True","0","220582","0","220544"
"Resources\sounds\sfx\weapons\pulserifle\Pulse_Charge_Max_HUD.wav","True","0","29990","0","29952"
"Resources\sounds\sfx\weapons\pulserifle\Pulse_Charge_Shot.wav","True","0","165414","0","165376"
"Resources\sounds\sfx\weapons\pulserifle\Pulse_Scope_Open.wav","True","0","44198","0","44160"
"Resources\sounds\sfx\weapons\shotgun\SHOT_SHOTGUN_1.wav","True","0","114342","0","114304"
"Resources\sounds\sfx\weapons\shotgun\SHOT_SHOTGUN_2.wav","True","0","160038","0","160000"
"Resources\sounds\sfx\weapons\shotgun\SHOT_SHOTGUN_3.wav","True","0","182950","0","182912"
"Resources\sounds\sfx\weapons\shotgun\SHOT_SHOTGUN_4.wav","True","0","182950","0","182912"
"Resources\sounds\sfx\weapons\smg\SHOT_SMG_1.wav","True","0","30118","0","30080"
"Resources\sounds\sfx\weapons\smg\SHOT_SMG_2.wav","True","0","28710","0","28672"
"Resources\sounds\sfx\weapons\smg\SHOT_SMG_3.wav","True","0","30758","0","30720"
"Resources\sounds\sfx\weapons\smg\SHOT_SMG_4.wav","True","0","17446","0","17408"
"Resources\sounds\sfx\weapons\smg\SHOT_SMG_5.wav","True","0","41382","0","41344"
"Resources\sounds\sfx\weapons\sniper\SHOT_SNIPER_1.wav","True","0","182950","0","182912"
"Resources\sounds\sfx\weapons\sniper\SHOT_SNIPER_2.wav","True","0","182950","0","182912"
"Resources\sounds\sfx\weapons\sniper\SHOT_SNIPER_3.wav","True","0","182950","0","182912"
"Resources\sounds\sfx\weapons\sniper\SHOT_SNIPER_4.wav","True","0","182950","0","182912"
"Resources\sounds\sfx\weapons\sniper\SHOT_SNIPER_5.wav","True","0","385190","0","385152"
"Resources\sounds\sfx\weapons\special\SHOT_BOW.wav","True","0","65574","0","65536"
"Resources\sounds\sfx\weapons\special\SHOT_CHEMICAL.wav","True","0","186150","0","186112"
"Resources\sounds\sfx\weapons\special\SHOT_CROSSBOW.wav","True","0","72102","0","72064"
"Resources\sounds\sfx\weapons\special\SHOT_FLAMER.wav","True","0","182950","0","182912"
"Resources\sounds\sfx\weapons\sword\SILVERSTRIKE_SWORD.wav","True","0","57894","0","57856"
"Resources\sounds\sfx\weapons\sword\SILVERSTRIKE_SWORD_SPECIAL.wav","True","0","63782","0","63744"
