metric,value
changed_files,67
main_references,1057
firstpass_references,136
changed_script_references,1193
mapped_source_types,402
unresolved_references,0
residual_dll_references,0

old_guid,old_file_id,full_name,source_guid,source_file_id,occurrences,source_asset
ac2116c440a88b441990deaeb6e59e4b,-2139171023,"Google2u.Shotgun_SGT8",7e12a5343c88598411b5a14d9cd307ff,11500000,1,"Assets/Scripts/ResourceCompatibility.FirstPass/Google2u/Shotgun_SGT8.cs"
ac2116c440a88b441990deaeb6e59e4b,-2117384271,"Google2u.GrenadeLauncher_GLT9",958c21e745d72d6becd8fd7a9b8a1895,11500000,1,"Assets/Scripts/ResourceCompatibility.FirstPass/Google2u/GrenadeLauncher_GLT9.cs"
ac2116c440a88b441990deaeb6e59e4b,-2056216947,"Google2u.Shotgun_DP12BM",e6b11b58e3fbeb6ae69912ec189896c5,11500000,1,"Assets/Scripts/ResourceCompatibility.FirstPass/Google2u/Shotgun_DP12BM.cs"
ac2116c440a88b441990deaeb6e59e4b,-2001482349,"Google2u.WeaponAugLevels",cd45857daafb46a867e9344258720245,11500000,1,"Assets/Scripts/ResourceCompatibility.FirstPass/Google2u/WeaponAugLevels.cs"
ac2116c440a88b441990deaeb6e59e4b,-1970563054,"Google2u.Grenade_GT9",2bdd24a9059325e32266f7140ca6366f,11500000,1,"Assets/Scripts/ResourceCompatibility.FirstPass/Google2u/Grenade_GT9.cs"
ac2116c440a88b441990deaeb6e59e4b,-1968489328,"LaserRenderer",5a69012e8cce27cfcc8929c00f31530d,11500000,2,"Assets/Scripts/ResourceCompatibility.FirstPass/LaserRenderer.cs"
ac2116c440a88b441990deaeb6e59e4b,-1954749620,"Google2u.AdBoosterWeights",ac3f8442f0290a8035c73f6d14c70efe,11500000,1,"Assets/Scripts/ResourceCompatibility.FirstPass/Google2u/AdBoosterWeights.cs"
ac2116c440a88b441990deaeb6e59e4b,-1954017137,"Google2u.Grenade_GT9BM",2dd0960a1784cc8033e86cbb17835a5d,11500000,1,"Assets/Scripts/ResourceCompatibility.FirstPass/Google2u/Grenade_GT9BM.cs"
ac2116c440a88b441990deaeb6e59e4b,-1946068229,"Google2u.AssaultRifle_ART9BM",7f6ed87e618c179c29b887311f870309,11500000,1,"Assets/Scripts/ResourceCompatibility.FirstPass/Google2u/AssaultRifle_ART9BM.cs"
ac2116c440a88b441990deaeb6e59e4b,-1923597303,"Google2u.Shotgun_SGT9",ca57605242bd1a56194cc1f642400266,11500000,1,"Assets/Scripts/ResourceCompatibility.FirstPass/Google2u/Shotgun_SGT9.cs"
ac2116c440a88b441990deaeb6e59e4b,-1915136243,"Google2u.LMG_T8BM",6a3d0e8109be6ac33ce249962ca6dc57,11500000,1,"Assets/Scripts/ResourceCompatibility.FirstPass/Google2u/LMG_T8BM.cs"
ac2116c440a88b441990deaeb6e59e4b,-1914352199,"Google2u.LMG_T8",55f49affd9d174bfa35d80cefa4fc6df,11500000,1,"Assets/Scripts/ResourceCompatibility.FirstPass/Google2u/LMG_T8.cs"
ac2116c440a88b441990deaeb6e59e4b,-1886664197,"Google2u.PulseRifle_Grade8",d4d7e3b1c4f10e8b437a138a8439f44f,11500000,1,"Assets/Scripts/ResourceCompatibility.FirstPass/Google2u/PulseRifle_Grade8.cs"
ac2116c440a88b441990deaeb6e59e4b,-1869434317,"Google2u.PulseRifle_Grade7BM",370cbaa065aa0c0d7da6155bc5a34797,11500000,1,"Assets/Scripts/ResourceCompatibility.FirstPass/Google2u/PulseRifle_Grade7BM.cs"
ac2116c440a88b441990deaeb6e59e4b,-1866542102,"Google2u.DBUpgradeSlotsBunker",fe9327ebe30d2dbb826aeb3d5aec8401,11500000,1,"Assets/Scripts/ResourceCompatibility.FirstPass/Google2u/DBUpgradeSlotsBunker.cs"
ac2116c440a88b441990deaeb6e59e4b,-1838782545,"Google2u.PulseRifle_Grade2BM",da96e1b4962e99bf77325a13e3372eec,11500000,1,"Assets/Scripts/ResourceCompatibility.FirstPass/Google2u/PulseRifle_Grade2BM.cs"
ac2116c440a88b441990deaeb6e59e4b,-1831053289,"Google2u.SpecialOperations",8bea1620717fb9a51fd70deb82b75f82,11500000,1,"Assets/Scripts/ResourceCompatibility.FirstPass/Google2u/SpecialOperations.cs"
ac2116c440a88b441990deaeb6e59e4b,-1829535190,"Google2u.SMG_Apollo",d7c397a4d9bc027150a555bb93ba226c,11500000,1,"Assets/Scripts/ResourceCompatibility.FirstPass/Google2u/SMG_Apollo.cs"
ac2116c440a88b441990deaeb6e59e4b,-1724954166,"Google2u.SniperRifle_SRT8",f218cb81b4f463faa89eacbd67b61974,11500000,1,"Assets/Scripts/ResourceCompatibility.FirstPass/Google2u/SniperRifle_SRT8.cs"
ac2116c440a88b441990deaeb6e59e4b,-1687944224,"Google2u.Prestige",8871fc261b9e105e53a0271673fd3d14,11500000,1,"Assets/Scripts/ResourceCompatibility.FirstPass/Google2u/Prestige.cs"
ac2116c440a88b441990deaeb6e59e4b,-1580043750,"Google2u.DBUpgradeSlotsBreach",0b13e5c821dec82d28e1e49450252f7b,11500000,1,"Assets/Scripts/ResourceCompatibility.FirstPass/Google2u/DBUpgradeSlotsBreach.cs"
ac2116c440a88b441990deaeb6e59e4b,-1545507929,"Google2u.DBUpgradeSlotsHavoc",7db7d5175bb8c275377d77106775bef5,11500000,1,"Assets/Scripts/ResourceCompatibility.FirstPass/Google2u/DBUpgradeSlotsHavoc.cs"
ac2116c440a88b441990deaeb6e59e4b,-1492716916,"Google2u.AssaultRifle_ART8",e6fd8fd65b392830a20f2f4b4a501adc,11500000,1,"Assets/Scripts/ResourceCompatibility.FirstPass/Google2u/AssaultRifle_ART8.cs"
ac2116c440a88b441990deaeb6e59e4b,-1437658455,"Google2u.PulseRifle_Grade3",43d1c5654872514cc7cef5fb26727497,11500000,1,"Assets/Scripts/ResourceCompatibility.FirstPass/Google2u/PulseRifle_Grade3.cs"
ac2116c440a88b441990deaeb6e59e4b,-1414427414,"Google2u.LMG_MinigunElite",625c6733790d3896b09f610361c0c0a1,11500000,1,"Assets/Scripts/ResourceCompatibility.FirstPass/Google2u/LMG_MinigunElite.cs"
ac2116c440a88b441990deaeb6e59e4b,-1319481033,"Google2u.PulseRifle_Grade1",c99f51c8c30cb44e2a94d3f910642c55,11500000,1,"Assets/Scripts/ResourceCompatibility.FirstPass/Google2u/PulseRifle_Grade1.cs"
ac2116c440a88b441990deaeb6e59e4b,-1282015644,"Google2u.Bazooka_JuggernautElite",fb64f70b4e5dbd1bc94e1b2553ba142d,11500000,1,"Assets/Scripts/ResourceCompatibility.FirstPass/Google2u/Bazooka_JuggernautElite.cs"
ac2116c440a88b441990deaeb6e59e4b,-1259801800,"Google2u.SuperSquadQualPoints",addae6c328eafa5e9a653c82e3c07734,11500000,1,"Assets/Scripts/ResourceCompatibility.FirstPass/Google2u/SuperSquadQualPoints.cs"
ac2116c440a88b441990deaeb6e59e4b,-1235033813,"Google2u.GrenadeLauncher_XM25",965c70704c9ce35f324ca1918ed450fb,11500000,1,"Assets/Scripts/ResourceCompatibility.FirstPass/Google2u/GrenadeLauncher_XM25.cs"
ac2116c440a88b441990deaeb6e59e4b,-1198900895,"Google2u.SMG_ST8",1448f39afe554d0eb9ba490135650280,11500000,1,"Assets/Scripts/ResourceCompatibility.FirstPass/Google2u/SMG_ST8.cs"
ac2116c440a88b441990deaeb6e59e4b,-1169400872,"Google2u.PulseRifle_Grade6",fd450480ab46903ca61b37b8aacb2308,11500000,1,"Assets/Scripts/ResourceCompatibility.FirstPass/Google2u/PulseRifle_Grade6.cs"
ac2116c440a88b441990deaeb6e59e4b,-1151098601,"Google2u.PulseRifle_Grade8BM",5978b71a0fe508a2a202f2628c1641c8,11500000,1,"Assets/Scripts/ResourceCompatibility.FirstPass/Google2u/PulseRifle_Grade8BM.cs"
ac2116c440a88b441990deaeb6e59e4b,-1112875111,"Google2u.DBUpgradeSlotsInstinct",3b8433b1a12624cb8625362e7f416a32,11500000,1,"Assets/Scripts/ResourceCompatibility.FirstPass/Google2u/DBUpgradeSlotsInstinct.cs"
ac2116c440a88b441990deaeb6e59e4b,-1098412236,"Google2u.Bazooka_RLT9BM",ecba2df9001fe95af74a49f242e89675,11500000,1,"Assets/Scripts/ResourceCompatibility.FirstPass/Google2u/Bazooka_RLT9BM.cs"
ac2116c440a88b441990deaeb6e59e4b,-1086775053,"Google2u.PulseRifle_Grade4BM",8d6bdeb9867c84299032ba49887624ba,11500000,1,"Assets/Scripts/ResourceCompatibility.FirstPass/Google2u/PulseRifle_Grade4BM.cs"
ac2116c440a88b441990deaeb6e59e4b,-1071488366,"Google2u.Minigun_Avenger",857d3f396300a9b0edb7719b5d579689,11500000,1,"Assets/Scripts/ResourceCompatibility.FirstPass/Google2u/Minigun_Avenger.cs"
ac2116c440a88b441990deaeb6e59e4b,-1055483488,"Google2u.SMG_ST9",908d036f0d218c200d9a361c0f84d9f2,11500000,1,"Assets/Scripts/ResourceCompatibility.FirstPass/Google2u/SMG_ST9.cs"
ac2116c440a88b441990deaeb6e59e4b,-968175629,"Google2u.PulseRifle_Grade3BM",e68ffa7403f8a3966f313cf8b3305de5,11500000,1,"Assets/Scripts/ResourceCompatibility.FirstPass/Google2u/PulseRifle_Grade3BM.cs"
ac2116c440a88b441990deaeb6e59e4b,-899837587,"Google2u.DBUpgradeSlotsRiko",3a06030445bca2fc803fad183619b9a1,11500000,1,"Assets/Scripts/ResourceCompatibility.FirstPass/Google2u/DBUpgradeSlotsRiko.cs"
ac2116c440a88b441990deaeb6e59e4b,-893131227,"Google2u.Minigun_Vindicator",e4a39e55652572d8b57628ea7eb3f6e4,11500000,1,"Assets/Scripts/ResourceCompatibility.FirstPass/Google2u/Minigun_Vindicator.cs"
ac2116c440a88b441990deaeb6e59e4b,-879718522,"Google2u.DBUpgradeSlotsExoPilot",26778ad0f1149438faba664674705871,11500000,1,"Assets/Scripts/ResourceCompatibility.FirstPass/Google2u/DBUpgradeSlotsExoPilot.cs"
ac2116c440a88b441990deaeb6e59e4b,-875709933,"Google2u.Minigun_TripleThreatBM",857a1e78db42f7d85c95657758388bb2,11500000,1,"Assets/Scripts/ResourceCompatibility.FirstPass/Google2u/Minigun_TripleThreatBM.cs"
ac2116c440a88b441990deaeb6e59e4b,-848373611,"Google2u.Shotgun_DP12",2c25d0ee86fdd76028ce10d98b5b141b,11500000,1,"Assets/Scripts/ResourceCompatibility.FirstPass/Google2u/Shotgun_DP12.cs"
ac2116c440a88b441990deaeb6e59e4b,-834451852,"Google2u.BotPerks",7fff81c0c656ddb0b1911fe56faa8ae4,11500000,1,"Assets/Scripts/ResourceCompatibility.FirstPass/Google2u/BotPerks.cs"
ac2116c440a88b441990deaeb6e59e4b,-771398942,"SetDontDestroy",3c9c6e7588a3ae9e1c42e5626869890b,11500000,11,"Assets/Scripts/ResourceCompatibility.FirstPass/SetDontDestroy.cs"
ac2116c440a88b441990deaeb6e59e4b,-769467118,"Google2u.SniperRifle_3EyesBM",214fa38e6352066ac247363c3005e81e,11500000,1,"Assets/Scripts/ResourceCompatibility.FirstPass/Google2u/SniperRifle_3EyesBM.cs"
ac2116c440a88b441990deaeb6e59e4b,-752551434,"Google2u.LMG_StarHammerBM",a944fbd5ded400f0f20cfa4b7c7a3ff5,11500000,1,"Assets/Scripts/ResourceCompatibility.FirstPass/Google2u/LMG_StarHammerBM.cs"
ac2116c440a88b441990deaeb6e59e4b,-751904119,"Google2u.SMG_Apollo_elite",fcfdf0919afeb9094eb6cdc6da7772d1,11500000,1,"Assets/Scripts/ResourceCompatibility.FirstPass/Google2u/SMG_Apollo_elite.cs"
ac2116c440a88b441990deaeb6e59e4b,-749872805,"Google2u.DBUpgradeSlotsCrossbowSniper",cbe1df4774686fdcaa4fc37890fe7a4c,11500000,1,"Assets/Scripts/ResourceCompatibility.FirstPass/Google2u/DBUpgradeSlotsCrossbowSniper.cs"
ac2116c440a88b441990deaeb6e59e4b,-704194337,"Google2u.PulseRifle_Grade7",d65463fa1499ae647855d046c652aae9,11500000,1,"Assets/Scripts/ResourceCompatibility.FirstPass/Google2u/PulseRifle_Grade7.cs"
ac2116c440a88b441990deaeb6e59e4b,-699039500,"Google2u.AugmentationRarities",c0a8c6a81ad2c43f6f281b83161fe8b2,11500000,1,"Assets/Scripts/ResourceCompatibility.FirstPass/Google2u/AugmentationRarities.cs"
ac2116c440a88b441990deaeb6e59e4b,-661312388,"Google2u.DBUpgradeSlotsOverseer",89bab3db892659d145669809da7c500e,11500000,1,"Assets/Scripts/ResourceCompatibility.FirstPass/Google2u/DBUpgradeSlotsOverseer.cs"
ac2116c440a88b441990deaeb6e59e4b,-637813363,"Google2u.AugmentationConstants",98597b9d19923808cb908538ce6b9012,11500000,1,"Assets/Scripts/ResourceCompatibility.FirstPass/Google2u/AugmentationConstants.cs"
ac2116c440a88b441990deaeb6e59e4b,-632153642,"Google2u.DBUpgradeSlotsRenegade",7e4338a0bf7963426a3319a353696ca8,11500000,1,"Assets/Scripts/ResourceCompatibility.FirstPass/Google2u/DBUpgradeSlotsRenegade.cs"
ac2116c440a88b441990deaeb6e59e4b,-622445865,"Google2u.Grenade_GT8BM",f4a4fc65f4b5310326d63bd8c8f7bb33,11500000,1,"Assets/Scripts/ResourceCompatibility.FirstPass/Google2u/Grenade_GT8BM.cs"
ac2116c440a88b441990deaeb6e59e4b,-577826539,"Google2u.WeaponAugEffects",d10ec569da96a8a177f0045fe2beab9d,11500000,1,"Assets/Scripts/ResourceCompatibility.FirstPass/Google2u/WeaponAugEffects.cs"
ac2116c440a88b441990deaeb6e59e4b,-514895432,"Google2u.AssaultRifle_XM8",50bc1d31b246822724b59b7768d659e1,11500000,1,"Assets/Scripts/ResourceCompatibility.FirstPass/Google2u/AssaultRifle_XM8.cs"
ac2116c440a88b441990deaeb6e59e4b,-484728561,"Google2u.LMG_StarHammer",fcf744ca06dbe8d05de4b918939fc7e3,11500000,1,"Assets/Scripts/ResourceCompatibility.FirstPass/Google2u/LMG_StarHammer.cs"
ac2116c440a88b441990deaeb6e59e4b,-476233397,"Google2u.DBUpgradeSlotsExoMech",6daabe963ef884a39f8a1c13f2b5502a,11500000,1,"Assets/Scripts/ResourceCompatibility.FirstPass/Google2u/DBUpgradeSlotsExoMech.cs"
ac2116c440a88b441990deaeb6e59e4b,-408636299,"Google2u.AssaultRifle_ART8BM",7abd2d618798d5115e50c4f658f1b398,11500000,1,"Assets/Scripts/ResourceCompatibility.FirstPass/Google2u/AssaultRifle_ART8BM.cs"
ac2116c440a88b441990deaeb6e59e4b,-405411650,"UIPooledTableHorizontal",c06c0b32c89e367cccf5644e45a3f08c,11500000,1,"Assets/Scripts/ResourceCompatibility.FirstPass/UIPooledTableHorizontal.cs"
ac2116c440a88b441990deaeb6e59e4b,-267651196,"Google2u.Pistol_P320",22e1b4f478e9075ff6b9a56527fd3105,11500000,1,"Assets/Scripts/ResourceCompatibility.FirstPass/Google2u/Pistol_P320.cs"
ac2116c440a88b441990deaeb6e59e4b,-260668178,"Google2u.Grenade_DoombringerBM",d8b3da72d45c77412243aebca9665efd,11500000,1,"Assets/Scripts/ResourceCompatibility.FirstPass/Google2u/Grenade_DoombringerBM.cs"
ac2116c440a88b441990deaeb6e59e4b,-239620505,"Google2u.DBUpgradeSlotsSilverstrike",a4d0f84e43e26af8d58a252fb1b72611,11500000,1,"Assets/Scripts/ResourceCompatibility.FirstPass/Google2u/DBUpgradeSlotsSilverstrike.cs"
ac2116c440a88b441990deaeb6e59e4b,-218105633,"Google2u.InvasionSpawnSettings",e3d635db27b6a407f6881fb7fc52e1a9,11500000,1,"Assets/Scripts/ResourceCompatibility.FirstPass/Google2u/InvasionSpawnSettings.cs"
ac2116c440a88b441990deaeb6e59e4b,-206113936,"Google2u.PulseRifle_Grade5",81f2409bb4b8b4caedb632ec3804b9db,11500000,1,"Assets/Scripts/ResourceCompatibility.FirstPass/Google2u/PulseRifle_Grade5.cs"
ac2116c440a88b441990deaeb6e59e4b,-153149869,"Google2u.SquadWarsRewardV2",4ebfb2010efd1332ca2e518534981634,11500000,1,"Assets/Scripts/ResourceCompatibility.FirstPass/Google2u/SquadWarsRewardV2.cs"
ac2116c440a88b441990deaeb6e59e4b,-150148550,"Google2u.SniperRifle_SRT9BM",10daba0c0ece9108a4b7705519ebb5e1,11500000,1,"Assets/Scripts/ResourceCompatibility.FirstPass/Google2u/SniperRifle_SRT9BM.cs"
ac2116c440a88b441990deaeb6e59e4b,-133917111,"Google2u.Minigun_T9BM",995a246fddce24823fbb0d8d4c9a415f,11500000,1,"Assets/Scripts/ResourceCompatibility.FirstPass/Google2u/Minigun_T9BM.cs"
ac2116c440a88b441990deaeb6e59e4b,-132032756,"Google2u.AssaultRifle_ART9",60747dd4e73ea77794274a29798c6ba0,11500000,1,"Assets/Scripts/ResourceCompatibility.FirstPass/Google2u/AssaultRifle_ART9.cs"
ac2116c440a88b441990deaeb6e59e4b,-127968041,"Google2u.PulseRifle_PR9BM",d3e5775c423707eb8106eb8359734495,11500000,1,"Assets/Scripts/ResourceCompatibility.FirstPass/Google2u/PulseRifle_PR9BM.cs"
ac2116c440a88b441990deaeb6e59e4b,-124278640,"CutoutPlugin",cbc2ce5e9fb5e694b93448b9f9a6487b,11500000,1,"Assets/Scripts/ResourceCompatibility.FirstPass/CutoutPlugin.cs"
ac2116c440a88b441990deaeb6e59e4b,-54374481,"Google2u.PulseRifle_PR9",c9572cd55b0da77c469da1965160081d,11500000,1,"Assets/Scripts/ResourceCompatibility.FirstPass/Google2u/PulseRifle_PR9.cs"
ac2116c440a88b441990deaeb6e59e4b,-47051942,"Google2u.Bazooka_RLT9",c82ab566c987de48a9505d626876f8dd,11500000,1,"Assets/Scripts/ResourceCompatibility.FirstPass/Google2u/Bazooka_RLT9.cs"
ac2116c440a88b441990deaeb6e59e4b,-32923877,"Google2u.PulseRifle_Grade1BM",6e1733a062fa94a1fa4cf8a8ee8ca21a,11500000,1,"Assets/Scripts/ResourceCompatibility.FirstPass/Google2u/PulseRifle_Grade1BM.cs"
ac2116c440a88b441990deaeb6e59e4b,4583795,"Google2u.Bazooka_RLT8",735ea3f81be02397d5d4ffb98a9271eb,11500000,1,"Assets/Scripts/ResourceCompatibility.FirstPass/Google2u/Bazooka_RLT8.cs"
ac2116c440a88b441990deaeb6e59e4b,20263891,"Google2u.Shields",9678a585548db7106c18d5b73d45ff01,11500000,1,"Assets/Scripts/ResourceCompatibility.FirstPass/Google2u/Shields.cs"
ac2116c440a88b441990deaeb6e59e4b,50395343,"Google2u.GrenadeLauncher_XM25BM",78dbb497fcdef6307d84e5c87a8a57ce,11500000,1,"Assets/Scripts/ResourceCompatibility.FirstPass/Google2u/GrenadeLauncher_XM25BM.cs"
ac2116c440a88b441990deaeb6e59e4b,131412949,"Google2u.Shotgun_DP12Elite",6df8c4ea198c19f4d29e194072a55a17,11500000,1,"Assets/Scripts/ResourceCompatibility.FirstPass/Google2u/Shotgun_DP12Elite.cs"
ac2116c440a88b441990deaeb6e59e4b,279002967,"Google2u.SniperRifle_3EyesElite",4c756e020cf354d3fdb4edd61809b8d9,11500000,1,"Assets/Scripts/ResourceCompatibility.FirstPass/Google2u/SniperRifle_3EyesElite.cs"
ac2116c440a88b441990deaeb6e59e4b,302432543,"Google2u.PulseRifle_Grade4",29d60e225bd86dca576ff3c8ba126891,11500000,1,"Assets/Scripts/ResourceCompatibility.FirstPass/Google2u/PulseRifle_Grade4.cs"
ac2116c440a88b441990deaeb6e59e4b,308197891,"Google2u.SMG_ST9BM",777c0cbf52585b26e24870482c327802,11500000,1,"Assets/Scripts/ResourceCompatibility.FirstPass/Google2u/SMG_ST9BM.cs"
ac2116c440a88b441990deaeb6e59e4b,366871576,"Google2u.GrenadeLauncher_GLT9BM",6789a2c3ecf4f2bdd96d3e7fed64fdbb,11500000,1,"Assets/Scripts/ResourceCompatibility.FirstPass/Google2u/GrenadeLauncher_GLT9BM.cs"
ac2116c440a88b441990deaeb6e59e4b,371799618,"Google2u.Minigun_Looper",3bae645f4cdfc8f7fc8877999d96bcbb,11500000,1,"Assets/Scripts/ResourceCompatibility.FirstPass/Google2u/Minigun_Looper.cs"
ac2116c440a88b441990deaeb6e59e4b,439009575,"Google2u.LMG_T9BM",14e1cc40e9ba605b918cb02f5cbd8be7,11500000,1,"Assets/Scripts/ResourceCompatibility.FirstPass/Google2u/LMG_T9BM.cs"
ac2116c440a88b441990deaeb6e59e4b,522002711,"Google2u.PulseRifle_Grade2",cfcc37654d208c7038f927e10d8dbbcf,11500000,1,"Assets/Scripts/ResourceCompatibility.FirstPass/Google2u/PulseRifle_Grade2.cs"
ac2116c440a88b441990deaeb6e59e4b,529056760,"Google2u.SMG_ApolloBM",fe5e29d382670e02a8887c6cce22aeba,11500000,1,"Assets/Scripts/ResourceCompatibility.FirstPass/Google2u/SMG_ApolloBM.cs"
ac2116c440a88b441990deaeb6e59e4b,538448691,"Google2u.AugmentationTriggers",b49afd5b0ad79ddaefecb3ca59ddece9,11500000,1,"Assets/Scripts/ResourceCompatibility.FirstPass/Google2u/AugmentationTriggers.cs"
ac2116c440a88b441990deaeb6e59e4b,653182100,"Google2u.AugmentationEffectMultipliers",58a80fd6742c79423cac91d9bd2b6cd8,11500000,1,"Assets/Scripts/ResourceCompatibility.FirstPass/Google2u/AugmentationEffectMultipliers.cs"
ac2116c440a88b441990deaeb6e59e4b,714943223,"Google2u.PiggyBank",0cb4c9f5543134083f0ec90f32c0ff5b,11500000,1,"Assets/Scripts/ResourceCompatibility.FirstPass/Google2u/PiggyBank.cs"
ac2116c440a88b441990deaeb6e59e4b,741272045,"Google2u.AugmentationEffects",8460338b7c1b4dd54c6d67bc4073ebd2,11500000,1,"Assets/Scripts/ResourceCompatibility.FirstPass/Google2u/AugmentationEffects.cs"
ac2116c440a88b441990deaeb6e59e4b,789556036,"Google2u.DBUpgradeSlotsSurge",7e4a6eacc78a9331c0032272ef5e749f,11500000,1,"Assets/Scripts/ResourceCompatibility.FirstPass/Google2u/DBUpgradeSlotsSurge.cs"
ac2116c440a88b441990deaeb6e59e4b,808132109,"Google2u.PulseRifle_Grade6BM",0476b16632e5962e8f74b37281111500,11500000,1,"Assets/Scripts/ResourceCompatibility.FirstPass/Google2u/PulseRifle_Grade6BM.cs"
ac2116c440a88b441990deaeb6e59e4b,846666391,"Google2u.DBUpgradeSlotsBackbone",ccd5bcda6817c703679e163c7e2d1d63,11500000,1,"Assets/Scripts/ResourceCompatibility.FirstPass/Google2u/DBUpgradeSlotsBackbone.cs"
ac2116c440a88b441990deaeb6e59e4b,857638022,"Google2u.DBUpgradeSlotsChemical",97ad4e9c5639e3fb35c700ecf00a5dff,11500000,1,"Assets/Scripts/ResourceCompatibility.FirstPass/Google2u/DBUpgradeSlotsChemical.cs"
ac2116c440a88b441990deaeb6e59e4b,895715404,"Google2u.DBUpgradeSlotsSpecter",44de9dabf05f5a574c2d26b9d827a82a,11500000,1,"Assets/Scripts/ResourceCompatibility.FirstPass/Google2u/DBUpgradeSlotsSpecter.cs"
ac2116c440a88b441990deaeb6e59e4b,903932692,"Google2u.DBUpgradeSlotsVTOL",c0c22294e28f3429249910a55fe9a779,11500000,1,"Assets/Scripts/ResourceCompatibility.FirstPass/Google2u/DBUpgradeSlotsVTOL.cs"
ac2116c440a88b441990deaeb6e59e4b,953506460,"Google2u.CommanderObjectives",22368c758c89f5f2cc4625204dc2382c,11500000,1,"Assets/Scripts/ResourceCompatibility.FirstPass/Google2u/CommanderObjectives.cs"
ac2116c440a88b441990deaeb6e59e4b,957449039,"Google2u.WeaponAugValues",b5b761a28e15a617eeb70f6f6f8d0134,11500000,1,"Assets/Scripts/ResourceCompatibility.FirstPass/Google2u/WeaponAugValues.cs"
ac2116c440a88b441990deaeb6e59e4b,996228984,"Google2u.SniperRifle_3Eyes",48b319afc74773713c436408806ed7a7,11500000,1,"Assets/Scripts/ResourceCompatibility.FirstPass/Google2u/SniperRifle_3Eyes.cs"
ac2116c440a88b441990deaeb6e59e4b,1048833694,"Google2u.SuperchargedUnitEffects",c11e09bcf9908a1b82a6286832d040b9,11500000,1,"Assets/Scripts/ResourceCompatibility.FirstPass/Google2u/SuperchargedUnitEffects.cs"
ac2116c440a88b441990deaeb6e59e4b,1078075106,"Google2u.Shotgun_SGT9BM",7d2b8b7b2fd1826b3abe813afd80ccfa,11500000,1,"Assets/Scripts/ResourceCompatibility.FirstPass/Google2u/Shotgun_SGT9BM.cs"
ac2116c440a88b441990deaeb6e59e4b,1121130539,"Google2u.SMG_ST8BM",90e6e825d0c09357b15eb8867da0f483,11500000,1,"Assets/Scripts/ResourceCompatibility.FirstPass/Google2u/SMG_ST8BM.cs"
ac2116c440a88b441990deaeb6e59e4b,1153446505,"Google2u.SniperRifle_SRT8BM",797d9c7a82ef40d0caa4db7b53b7e38b,11500000,1,"Assets/Scripts/ResourceCompatibility.FirstPass/Google2u/SniperRifle_SRT8BM.cs"
ac2116c440a88b441990deaeb6e59e4b,1154208268,"Google2u.InvasionConstants",7639834f97122fc3e4d3512ff8500371,11500000,1,"Assets/Scripts/ResourceCompatibility.FirstPass/Google2u/InvasionConstants.cs"
ac2116c440a88b441990deaeb6e59e4b,1259107337,"Google2u.PulseRifle_Grade5BM",92d3eb06f28f09e0e3359df5139bb7ab,11500000,1,"Assets/Scripts/ResourceCompatibility.FirstPass/Google2u/PulseRifle_Grade5BM.cs"
ac2116c440a88b441990deaeb6e59e4b,1320974108,"Google2u.Bazooka_JuggernautBM",95ff5240cd5e8dcb70994d16f3b792a0,11500000,1,"Assets/Scripts/ResourceCompatibility.FirstPass/Google2u/Bazooka_JuggernautBM.cs"
ac2116c440a88b441990deaeb6e59e4b,1355055175,"Google2u.AugmentationEffectValues",eff1675a169199d0d40f70c54e18abab,11500000,1,"Assets/Scripts/ResourceCompatibility.FirstPass/Google2u/AugmentationEffectValues.cs"
ac2116c440a88b441990deaeb6e59e4b,1399211213,"Google2u.Grenade_GT8",ddef59fd51b40a3891eee5be12e86da3,11500000,1,"Assets/Scripts/ResourceCompatibility.FirstPass/Google2u/Grenade_GT8.cs"
ac2116c440a88b441990deaeb6e59e4b,1423523246,"Google2u.DBUpgradeSlotsOrb",1e57558541201ecd852282f824990235,11500000,1,"Assets/Scripts/ResourceCompatibility.FirstPass/Google2u/DBUpgradeSlotsOrb.cs"
ac2116c440a88b441990deaeb6e59e4b,1441556043,"Google2u.Bazooka_RLT8BM",3bce55c709ba4dad09a9556389736169,11500000,1,"Assets/Scripts/ResourceCompatibility.FirstPass/Google2u/Bazooka_RLT8BM.cs"
ac2116c440a88b441990deaeb6e59e4b,1458123170,"Google2u.GrenadeLauncher_GLT8BM",d28bd4aa005c75e21cc198cb0f4b1131,11500000,1,"Assets/Scripts/ResourceCompatibility.FirstPass/Google2u/GrenadeLauncher_GLT8BM.cs"
ac2116c440a88b441990deaeb6e59e4b,1478387844,"Google2u.BoosterLevels",e2baead004e9fd9a9d24a3b3f70f32b0,11500000,1,"Assets/Scripts/ResourceCompatibility.FirstPass/Google2u/BoosterLevels.cs"
ac2116c440a88b441990deaeb6e59e4b,1797072364,"Google2u.LMG_T9",82d83a4247416992a0dda45ad3353bbd,11500000,1,"Assets/Scripts/ResourceCompatibility.FirstPass/Google2u/LMG_T9.cs"
ac2116c440a88b441990deaeb6e59e4b,1804608571,"Google2u.EliteFinisherPacks",049bf0c3443b978b03a24e4361d5766c,11500000,1,"Assets/Scripts/ResourceCompatibility.FirstPass/Google2u/EliteFinisherPacks.cs"
ac2116c440a88b441990deaeb6e59e4b,1868456291,"Google2u.AssaultRifle_XM8BM",d9db2f0ee4ef791d942488d97f246c2a,11500000,1,"Assets/Scripts/ResourceCompatibility.FirstPass/Google2u/AssaultRifle_XM8BM.cs"
ac2116c440a88b441990deaeb6e59e4b,1890420000,"Google2u.SniperRifle_SRT9",00dee4989e4a7808df8082382c885afd,11500000,1,"Assets/Scripts/ResourceCompatibility.FirstPass/Google2u/SniperRifle_SRT9.cs"
ac2116c440a88b441990deaeb6e59e4b,1914242425,"Google2u.GrenadeLauncher_GLT8",c7a6289eab41fdd00ba0e9e1aca3150d,11500000,1,"Assets/Scripts/ResourceCompatibility.FirstPass/Google2u/GrenadeLauncher_GLT8.cs"
ac2116c440a88b441990deaeb6e59e4b,1954081982,"Google2u.AugmentationLevels",5b2dd73cd6478b91e6b1a06107e97756,11500000,1,"Assets/Scripts/ResourceCompatibility.FirstPass/Google2u/AugmentationLevels.cs"
ac2116c440a88b441990deaeb6e59e4b,2034331594,"Google2u.AugmentationCrates",0825e48ce1ab701e2b108c7e536a87d3,11500000,1,"Assets/Scripts/ResourceCompatibility.FirstPass/Google2u/AugmentationCrates.cs"
ac2116c440a88b441990deaeb6e59e4b,2053340391,"Google2u.Grenade_Doombringer",499ce08fe98199a0e4722581edcae917,11500000,1,"Assets/Scripts/ResourceCompatibility.FirstPass/Google2u/Grenade_Doombringer.cs"
ac2116c440a88b441990deaeb6e59e4b,2060628185,"Google2u.WeaponAugStatBonuses",3bdc5cfdad379f5e9863482ada36af65,11500000,1,"Assets/Scripts/ResourceCompatibility.FirstPass/Google2u/WeaponAugStatBonuses.cs"
ac2116c440a88b441990deaeb6e59e4b,2070312951,"Google2u.DBUpgradeSlotsSpiderBot",fcf8d3facb1eb43f07f9ec6a0f11096c,11500000,1,"Assets/Scripts/ResourceCompatibility.FirstPass/Google2u/DBUpgradeSlotsSpiderBot.cs"
ac2116c440a88b441990deaeb6e59e4b,2107797854,"Google2u.Shotgun_SGT8BM",e535425902e69f9d906151faaa4ce0cc,11500000,1,"Assets/Scripts/ResourceCompatibility.FirstPass/Google2u/Shotgun_SGT8BM.cs"
ac2116c440a88b441990deaeb6e59e4b,2128803132,"Google2u.Bazooka_Juggernaut",57c21f62ef6706ed6bc636116e0a2df2,11500000,1,"Assets/Scripts/ResourceCompatibility.FirstPass/Google2u/Bazooka_Juggernaut.cs"
da3348191866a384b95001cc2c6d51b2,-2142498094,"ShieldIcon",05952cb9822403d8dff0a7af4c0b87e8,11500000,1,"Assets/Scripts/ResourceCompatibility/ShieldIcon.cs"
da3348191866a384b95001cc2c6d51b2,-2137825101,"InvasionTopDamagers",6f94c4756474f2e55d2a2bf868c85d53,11500000,1,"Assets/Scripts/ResourceCompatibility/InvasionTopDamagers.cs"
da3348191866a384b95001cc2c6d51b2,-2117632430,"InvasionRewardDialog",df9a863bac16b5cb3f9810b320f5b732,11500000,1,"Assets/Scripts/ResourceCompatibility/InvasionRewardDialog.cs"
da3348191866a384b95001cc2c6d51b2,-2104293585,"PlayerTwoModesWeapon",d6dfc8463ef03c5f5dbe7028b001fa15,11500000,54,"Assets/Scripts/ResourceCompatibility/PlayerTwoModesWeapon.cs"
da3348191866a384b95001cc2c6d51b2,-2078572179,"AboutFun.Warfriends.Services.AugmentationHudIcon",d27bb80d0f60e54afe3268ddb2a65b18,11500000,10,"Assets/Scripts/ResourceCompatibility/AboutFun.Warfriends.Services/AugmentationHudIcon.cs"
da3348191866a384b95001cc2c6d51b2,-2064314498,"LiquidFireArrow",fa01004a0107edf401cc3c826243884e,11500000,1,"Assets/Scripts/ResourceCompatibility/LiquidFireArrow.cs"
da3348191866a384b95001cc2c6d51b2,-2049964212,"SpawnPointOrb",2b4b7a425f3c85ff6791422c5ae2af46,11500000,18,"Assets/Scripts/ResourceCompatibility/SpawnPointOrb.cs"
da3348191866a384b95001cc2c6d51b2,-2008304119,"SelectFriendsFacebookTab",afffc0f243276f79a3b82c78722079fa,11500000,1,"Assets/Scripts/ResourceCompatibility/SelectFriendsFacebookTab.cs"
da3348191866a384b95001cc2c6d51b2,-1972386950,"BattleCompareHint",d883e53906116407ffba60469a9951de,11500000,1,"Assets/Scripts/ResourceCompatibility/BattleCompareHint.cs"
da3348191866a384b95001cc2c6d51b2,-1964288583,"Hammer",43baada4cc237583dcc5226fea5f03be,11500000,1,"Assets/Scripts/ResourceCompatibility/Hammer.cs"
da3348191866a384b95001cc2c6d51b2,-1963537537,"RecruitRewardDialog",9e06df32ccbe36da2114b84379142bae,11500000,1,"Assets/Scripts/ResourceCompatibility/RecruitRewardDialog.cs"
da3348191866a384b95001cc2c6d51b2,-1948187800,"RentalManager",d7347df6bb19d94c1a8d695668665254,11500000,1,"Assets/Scripts/ResourceCompatibility/RentalManager.cs"
da3348191866a384b95001cc2c6d51b2,-1933087129,"SoldierBehaviourCrossbowSniper",faabb418d7505974941351faafaad3dc,11500000,1,"Assets/Scripts/ResourceCompatibility/SoldierBehaviourCrossbowSniper.cs"
da3348191866a384b95001cc2c6d51b2,-1917638538,"UpgradeSlotsSurge",7182bf5dd624c64dd63a0fdfe982e5a3,11500000,1,"Assets/Scripts/ResourceCompatibility/UpgradeSlotsSurge.cs"
da3348191866a384b95001cc2c6d51b2,-1891411274,"DivisionRepresentationV2",bd33d9d971b4e99a14073aac083c05c4,11500000,4,"Assets/Scripts/ResourceCompatibility/DivisionRepresentationV2.cs"
da3348191866a384b95001cc2c6d51b2,-1890474350,"AppleSignInManager",05978e0ad27f6f8225537548c49bfb66,11500000,1,"Assets/Scripts/ResourceCompatibility/AppleSignInManager.cs"
da3348191866a384b95001cc2c6d51b2,-1888592252,"WarArenaRuleSwitchWeaponOnKill",9dae3fd840a2db8ba7f121dd226a31fd,11500000,1,"Assets/Scripts/ResourceCompatibility/WarArenaRuleSwitchWeaponOnKill.cs"
da3348191866a384b95001cc2c6d51b2,-1859564359,"StarterPacksDialog",ca258da7918989203de13d984cab25a1,11500000,1,"Assets/Scripts/ResourceCompatibility/StarterPacksDialog.cs"
da3348191866a384b95001cc2c6d51b2,-1831340138,"ShieldsScreen",3042721ac54c2694958ad81eb6d277e1,11500000,1,"Assets/Scripts/ResourceCompatibility/ShieldsScreen.cs"
da3348191866a384b95001cc2c6d51b2,-1813479752,"AboutFun.Warfriends.Services.AugmentationGuiElement",0be36913a50c9d8e83a94aa869f6446e,11500000,1,"Assets/Scripts/ResourceCompatibility/AboutFun.Warfriends.Services/AugmentationGuiElement.cs"
da3348191866a384b95001cc2c6d51b2,-1802202330,"FlockController",8b8af69777b1b61e37367b1b19acdaf5,11500000,4,"Assets/Scripts/ResourceCompatibility/FlockController.cs"
da3348191866a384b95001cc2c6d51b2,-1792551644,"SquadWarsContentV2",f8eb639bf1fd5d31f505a61b26b202dd,11500000,1,"Assets/Scripts/ResourceCompatibility/SquadWarsContentV2.cs"
da3348191866a384b95001cc2c6d51b2,-1782827078,"AugmentationVisualIcon",8a32ff10b10799e4e83d9cfb04b73e33,11500000,1,"Assets/Scripts/ResourceCompatibility/AugmentationVisualIcon.cs"
da3348191866a384b95001cc2c6d51b2,-1759862329,"HeaderSalePart",cdb1f55f04e422608389c9b069c27480,11500000,1,"Assets/Scripts/ResourceCompatibility/HeaderSalePart.cs"
da3348191866a384b95001cc2c6d51b2,-1758468978,"SpiderBotAnimator",4311202875ab02809c574d8dd0608bbd,11500000,1,"Assets/Scripts/ResourceCompatibility/SpiderBotAnimator.cs"
da3348191866a384b95001cc2c6d51b2,-1755455229,"BattleAugCrateManager",31983a25aca949b0185abef3dd4c20f6,11500000,1,"Assets/Scripts/ResourceCompatibility/BattleAugCrateManager.cs"
da3348191866a384b95001cc2c6d51b2,-1725096925,"UpgradeSlotsRiko",e651ab6392d8a318519dfc10d341bc1d,11500000,1,"Assets/Scripts/ResourceCompatibility/UpgradeSlotsRiko.cs"
da3348191866a384b95001cc2c6d51b2,-1697566568,"LinkButton",04b03db680a657f35268e653a423d9e8,11500000,5,"Assets/Scripts/ResourceCompatibility/LinkButton.cs"
da3348191866a384b95001cc2c6d51b2,-1668999818,"WeaponAugFusionSlot",cffb3fcb7918fdbd1aee6164bc427f89,11500000,5,"Assets/Scripts/ResourceCompatibility/WeaponAugFusionSlot.cs"
da3348191866a384b95001cc2c6d51b2,-1638751254,"ShieldRigInstance",695c916eb2c14331ab2cd00c7fcc48f8,11500000,4,"Assets/Scripts/ResourceCompatibility/ShieldRigInstance.cs"
da3348191866a384b95001cc2c6d51b2,-1608233071,"LimitedOfferConfirmDialog",1d77afc373b08bdfd7b8fc62644edcf4,11500000,1,"Assets/Scripts/ResourceCompatibility/LimitedOfferConfirmDialog.cs"
da3348191866a384b95001cc2c6d51b2,-1605367743,"InvasionEventLog",6b0b49e4b32ce5f441f03cb52194c83b,11500000,1,"Assets/Scripts/ResourceCompatibility/InvasionEventLog.cs"
da3348191866a384b95001cc2c6d51b2,-1604345662,"InvasionRightContent",0d0934c7243f4856f935235a8bb51039,11500000,1,"Assets/Scripts/ResourceCompatibility/InvasionRightContent.cs"
da3348191866a384b95001cc2c6d51b2,-1602779031,"Bow",a27b204cb03b65d63e5f62c9a251be17,11500000,1,"Assets/Scripts/ResourceCompatibility/Bow.cs"
da3348191866a384b95001cc2c6d51b2,-1565199644,"TransitionNewPlayerDialog",5c412556121eab07832746fda9d01004,11500000,1,"Assets/Scripts/ResourceCompatibility/TransitionNewPlayerDialog.cs"
da3348191866a384b95001cc2c6d51b2,-1562928668,"EquippedAugInfo",3d5960403ea1e078057ff40e121be205,11500000,5,"Assets/Scripts/ResourceCompatibility/EquippedAugInfo.cs"
da3348191866a384b95001cc2c6d51b2,-1561187591,"PulseRifleBulletSetup",ede124f4badc474f2e5be7b5080cbef1,11500000,55,"Assets/Scripts/ResourceCompatibility/PulseRifleBulletSetup.cs"
da3348191866a384b95001cc2c6d51b2,-1544474994,"SpiderlingBehaviour",af8b5b3c9a1cbcc8e131b7a574b464a8,11500000,1,"Assets/Scripts/ResourceCompatibility/SpiderlingBehaviour.cs"
da3348191866a384b95001cc2c6d51b2,-1532193321,"GoldPiggyButtonRecord",51dde52034c35ab31a9132c3ee871a89,11500000,1,"Assets/Scripts/ResourceCompatibility/GoldPiggyButtonRecord.cs"
da3348191866a384b95001cc2c6d51b2,-1523769728,"DropRateDoubleHintGuiElement",53eaeb73c6fda704d7709574d2c232fc,11500000,14,"Assets/Scripts/ResourceCompatibility/DropRateDoubleHintGuiElement.cs"
da3348191866a384b95001cc2c6d51b2,-1520567690,"EqualSettingsSwitch",3d825afd5bc434ae6fdc41c7c6e7fdd2,11500000,2,"Assets/Scripts/ResourceCompatibility/EqualSettingsSwitch.cs"
da3348191866a384b95001cc2c6d51b2,-1508929643,"InappCrates",1a5dcd969997bdf9cea1d4f7c1d20ca0,11500000,1,"Assets/Scripts/ResourceCompatibility/InappCrates.cs"
da3348191866a384b95001cc2c6d51b2,-1503670170,"HeaderEventPart",e666a65392f3f2c09ff0835d0f13c452,11500000,1,"Assets/Scripts/ResourceCompatibility/HeaderEventPart.cs"
da3348191866a384b95001cc2c6d51b2,-1496469137,"LocalNotifications.PlayerSegmentData",03ea0537d6c33f4c5014cdfa46eb6bf3,11500000,1,"Assets/Scripts/ResourceCompatibility/LocalNotifications/PlayerSegmentData.cs"
da3348191866a384b95001cc2c6d51b2,-1478943841,"DeathMatchGuiCardProgressPosition",36dec34e0ad2c8a61e656cde8fdd133d,11500000,12,"Assets/Scripts/ResourceCompatibility/DeathMatchGuiCardProgressPosition.cs"
da3348191866a384b95001cc2c6d51b2,-1476251054,"DailyRewardScreen",323267ada57c7a397fa71641ab533228,11500000,1,"Assets/Scripts/ResourceCompatibility/DailyRewardScreen.cs"
da3348191866a384b95001cc2c6d51b2,-1472652551,"InvitationSummaryDialog",16b2b440412a7fc6f1ff2d6738f61d8b,11500000,1,"Assets/Scripts/ResourceCompatibility/InvitationSummaryDialog.cs"
da3348191866a384b95001cc2c6d51b2,-1466464630,"InappLoyalty",a50c57252d62d1eb5e5adfdf55abee78,11500000,1,"Assets/Scripts/ResourceCompatibility/InappLoyalty.cs"
da3348191866a384b95001cc2c6d51b2,-1455208415,"CrateButtonRecord",b9a870fd14f2841a9fc7f83350d55ba9,11500000,3,"Assets/Scripts/ResourceCompatibility/CrateButtonRecord.cs"
da3348191866a384b95001cc2c6d51b2,-1454553026,"CreditsGUITwoLine",073de21d5ed513c6ce235fd6aa4cbd72,11500000,1,"Assets/Scripts/ResourceCompatibility/CreditsGUITwoLine.cs"
da3348191866a384b95001cc2c6d51b2,-1432416655,"MiniStarterPackGuiRecord",08a0f4183569dc150770e191fb836cb1,11500000,3,"Assets/Scripts/ResourceCompatibility/MiniStarterPackGuiRecord.cs"
da3348191866a384b95001cc2c6d51b2,-1419229354,"SpiderBotBehaviour",2363d2c81ec4d439cd1c38b29f349de5,11500000,1,"Assets/Scripts/ResourceCompatibility/SpiderBotBehaviour.cs"
da3348191866a384b95001cc2c6d51b2,-1419042961,"BattleShareDialog",81fcfeec7fdf71201fa93970cbd2d808,11500000,1,"Assets/Scripts/ResourceCompatibility/BattleShareDialog.cs"
da3348191866a384b95001cc2c6d51b2,-1414331776,"VTOLEngine",a62981b20230e47739a5d2acfe482738,11500000,1,"Assets/Scripts/ResourceCompatibility/VTOLEngine.cs"
da3348191866a384b95001cc2c6d51b2,-1366354453,"SquadPlayerRecordV2",f64b66496239a6a4a47009ffbf8f367b,11500000,1,"Assets/Scripts/ResourceCompatibility/SquadPlayerRecordV2.cs"
da3348191866a384b95001cc2c6d51b2,-1360131969,"ExplosiveArrowSetup",be60a1482eaface344934eb3ae217014,11500000,1,"Assets/Scripts/ResourceCompatibility/ExplosiveArrowSetup.cs"
da3348191866a384b95001cc2c6d51b2,-1357585250,"DismantleWeaponAugDialog",852c59963760de3adbbf5e3ec30245b0,11500000,1,"Assets/Scripts/ResourceCompatibility/DismantleWeaponAugDialog.cs"
da3348191866a384b95001cc2c6d51b2,-1340529726,"SettingsAugmentationPreset",2f743cf180d8c82571b779dc85b5abc6,11500000,1,"Assets/Scripts/ResourceCompatibility/SettingsAugmentationPreset.cs"
da3348191866a384b95001cc2c6d51b2,-1308634944,"UpgradeSlotsSilverstrike",a4d73a1f7f2bc17a50dfc903c4d844d5,11500000,1,"Assets/Scripts/ResourceCompatibility/UpgradeSlotsSilverstrike.cs"
da3348191866a384b95001cc2c6d51b2,-1285685505,"BlackmarketPurchaseConfirmDialog",b8f5466c0d002955afe67c35cbbe04fc,11500000,1,"Assets/Scripts/ResourceCompatibility/BlackmarketPurchaseConfirmDialog.cs"
da3348191866a384b95001cc2c6d51b2,-1277387130,"WarArenaRuleRandomUnitPreset",20e144afac9c6cbc42bc442dda092e5b,11500000,1,"Assets/Scripts/ResourceCompatibility/WarArenaRuleRandomUnitPreset.cs"
da3348191866a384b95001cc2c6d51b2,-1276460307,"SuperChargedUnitsDialog",80bfaf955e1a8cbe8f0d6ab864dfb16b,11500000,1,"Assets/Scripts/ResourceCompatibility/SuperChargedUnitsDialog.cs"
da3348191866a384b95001cc2c6d51b2,-1265497073,"WarArenaRuleSpecificUnitCategory",ecf3da564d69c898319cd10f48381f41,11500000,1,"Assets/Scripts/ResourceCompatibility/WarArenaRuleSpecificUnitCategory.cs"
da3348191866a384b95001cc2c6d51b2,-1217487963,"DailyRewardButton",e98219426fbf25e63d53284b8ccc6237,11500000,1,"Assets/Scripts/ResourceCompatibility/DailyRewardButton.cs"
da3348191866a384b95001cc2c6d51b2,-1207750818,"PurchaseConfirmDialog",c3ee252a5d98acbf0dd5b5da627c427d,11500000,1,"Assets/Scripts/ResourceCompatibility/PurchaseConfirmDialog.cs"
da3348191866a384b95001cc2c6d51b2,-1207597944,"BattleCompareArmyWeaponsPart",82e042d4089eed1098a9e352e2fda7f6,11500000,2,"Assets/Scripts/ResourceCompatibility/BattleCompareArmyWeaponsPart.cs"
da3348191866a384b95001cc2c6d51b2,-1207022105,"SquadWarsRecordV2",a12eae4b0c840ac332330611e346e242,11500000,1,"Assets/Scripts/ResourceCompatibility/SquadWarsRecordV2.cs"
da3348191866a384b95001cc2c6d51b2,-1184922404,"RecruitNoticeDialog",2a7d76366f2677c8f8105930b802a784,11500000,1,"Assets/Scripts/ResourceCompatibility/RecruitNoticeDialog.cs"
da3348191866a384b95001cc2c6d51b2,-1149394574,"SoldierBehaviourSilverstrike",d5b54f8a5eaefe4413c083becd173cee,11500000,1,"Assets/Scripts/ResourceCompatibility/SoldierBehaviourSilverstrike.cs"
da3348191866a384b95001cc2c6d51b2,-1148116460,"SubscriptionRenewDialog",355f45709ddd410b205ab271ea706900,11500000,1,"Assets/Scripts/ResourceCompatibility/SubscriptionRenewDialog.cs"
da3348191866a384b95001cc2c6d51b2,-1141287924,"SpawnPointHeli",93bc5ee9a9ba7fc9cc3f15800b0aaf0b,11500000,40,"Assets/Scripts/ResourceCompatibility/SpawnPointHeli.cs"
da3348191866a384b95001cc2c6d51b2,-1123373693,"BunkerGun",0564c8f22e3588f680a437899bdb5cf6,11500000,1,"Assets/Scripts/ResourceCompatibility/BunkerGun.cs"
da3348191866a384b95001cc2c6d51b2,-1122036144,"BattleHistoryStats",00101af0c3bb24a3e61a34c9f590a898,11500000,1,"Assets/Scripts/ResourceCompatibility/BattleHistoryStats.cs"
da3348191866a384b95001cc2c6d51b2,-1061278001,"ResultsOffer",1d19540cc8227c6869dd606f627ac17a,11500000,5,"Assets/Scripts/ResourceCompatibility/ResultsOffer.cs"
da3348191866a384b95001cc2c6d51b2,-1060544103,"TutorialManagerWeaponAugs",e94f7c08e97da05f8f2bc68ed94d1683,11500000,1,"Assets/Scripts/ResourceCompatibility/TutorialManagerWeaponAugs.cs"
da3348191866a384b95001cc2c6d51b2,-1032809709,"SuperChargedUnitRecord",dde5f83508dd9c80eb0fc644dc8471b1,11500000,4,"Assets/Scripts/ResourceCompatibility/SuperChargedUnitRecord.cs"
da3348191866a384b95001cc2c6d51b2,-1031223942,"CompareMedalsRecord",393d2f66fc0714042a2c22430b773b76,11500000,2,"Assets/Scripts/ResourceCompatibility/CompareMedalsRecord.cs"
da3348191866a384b95001cc2c6d51b2,-976533545,"ParticleAutoDestroy",54686d3fb8e1e0a1b99c2ee3c3c5c5be,11500000,2,"Assets/Scripts/ResourceCompatibility/ParticleAutoDestroy.cs"
da3348191866a384b95001cc2c6d51b2,-970399753,"EliteFinisherManager",eb750015a76eed3e6f0c64bdb4f017d3,11500000,1,"Assets/Scripts/ResourceCompatibility/EliteFinisherManager.cs"
da3348191866a384b95001cc2c6d51b2,-965283874,"HeaderPiggyPart",f3d067cb626b3a1850eee619b205a1c1,11500000,1,"Assets/Scripts/ResourceCompatibility/HeaderPiggyPart.cs"
da3348191866a384b95001cc2c6d51b2,-958141292,"TournamentsManager",83d98846a2ce8a1f0842eaf7ac59d7b9,11500000,1,"Assets/Scripts/ResourceCompatibility/TournamentsManager.cs"
da3348191866a384b95001cc2c6d51b2,-955658552,"ArenaDetectedCheaterDialog",47a2f71cf62fbaafef4f99edc3c4f89f,11500000,1,"Assets/Scripts/ResourceCompatibility/ArenaDetectedCheaterDialog.cs"
da3348191866a384b95001cc2c6d51b2,-917338979,"AugmentationSlot",2a88731ada51d07c47950d7bff72c609,11500000,5,"Assets/Scripts/ResourceCompatibility/AugmentationSlot.cs"
da3348191866a384b95001cc2c6d51b2,-885621587,"VTOL",f687e6a3fd27fd1b42f887c03b8bdb54,11500000,1,"Assets/Scripts/ResourceCompatibility/VTOL.cs"
da3348191866a384b95001cc2c6d51b2,-871250387,"InappBlackMarket",e02677e788329cbad898f50861855262,11500000,1,"Assets/Scripts/ResourceCompatibility/InappBlackMarket.cs"
da3348191866a384b95001cc2c6d51b2,-850077857,"PlayerCoefficients",c4b1e5a73661c599e98cd1694b324bcf,11500000,3,"Assets/Scripts/ResourceCompatibility/PlayerCoefficients.cs"
da3348191866a384b95001cc2c6d51b2,-849407961,"HeaderEliteFinisherPart",d460076bb565c18993f77718af4bebcf,11500000,1,"Assets/Scripts/ResourceCompatibility/HeaderEliteFinisherPart.cs"
da3348191866a384b95001cc2c6d51b2,-848988147,"ExoMech",de26aa9c45a7510df1c732bfc04fff6f,11500000,1,"Assets/Scripts/ResourceCompatibility/ExoMech.cs"
da3348191866a384b95001cc2c6d51b2,-788917964,"SquadWarHintV2Dialog",f545a1ac00afae29f1112c01e4a4d65e,11500000,1,"Assets/Scripts/ResourceCompatibility/SquadWarHintV2Dialog.cs"
da3348191866a384b95001cc2c6d51b2,-781635388,"PrestigeManager",e4fc2de05af4f9a38d9a39e2ee3bced3,11500000,1,"Assets/Scripts/ResourceCompatibility/PrestigeManager.cs"
da3348191866a384b95001cc2c6d51b2,-776761947,"AugmentationsScreen",025176f87ca11e6f819bb482861265b7,11500000,1,"Assets/Scripts/ResourceCompatibility/AugmentationsScreen.cs"
da3348191866a384b95001cc2c6d51b2,-774552667,"RecruitGuiRecord",d6c61d747d5243d24efc63ce0b7e2168,11500000,1,"Assets/Scripts/ResourceCompatibility/RecruitGuiRecord.cs"
da3348191866a384b95001cc2c6d51b2,-768444718,"IntroductionDealsLimitedOffer",8d10132d06a4b87d9db75b394ce079da,11500000,5,"Assets/Scripts/ResourceCompatibility/IntroductionDealsLimitedOffer.cs"
da3348191866a384b95001cc2c6d51b2,-747206827,"WeaponAugSlot",b6881d61a1c4933868c99ec19f96170b,11500000,3,"Assets/Scripts/ResourceCompatibility/WeaponAugSlot.cs"
da3348191866a384b95001cc2c6d51b2,-734257551,"BulletLighting",77eb511c3a5016c3a6bff2f6f192e038,11500000,1,"Assets/Scripts/ResourceCompatibility/BulletLighting.cs"
da3348191866a384b95001cc2c6d51b2,-721520522,"UpgradeSlotsBunker",4929092de9a0500355829a1acee94773,11500000,1,"Assets/Scripts/ResourceCompatibility/UpgradeSlotsBunker.cs"
da3348191866a384b95001cc2c6d51b2,-709410506,"WarArenaRuleRandomWeaponPreset",fdc15004c2d4bb52f66f02317ff2be63,11500000,1,"Assets/Scripts/ResourceCompatibility/WarArenaRuleRandomWeaponPreset.cs"
da3348191866a384b95001cc2c6d51b2,-695565673,"SelectFriendsSearchTab",0e1233daeba5a2a37c8ac291891248f8,11500000,1,"Assets/Scripts/ResourceCompatibility/SelectFriendsSearchTab.cs"
da3348191866a384b95001cc2c6d51b2,-695333179,"CustomPackRecord",2cabcd11e3d0fb9f5ab7509c7c73b22a,11500000,1,"Assets/Scripts/ResourceCompatibility/CustomPackRecord.cs"
da3348191866a384b95001cc2c6d51b2,-695164767,"HeaderPackPart",5e6a2e1209108f35fc90c864a95e0d22,11500000,1,"Assets/Scripts/ResourceCompatibility/HeaderPackPart.cs"
da3348191866a384b95001cc2c6d51b2,-690261832,"PoisonArrow",55245aef1733213d174411583b755d94,11500000,1,"Assets/Scripts/ResourceCompatibility/PoisonArrow.cs"
da3348191866a384b95001cc2c6d51b2,-687979575,"TutorialLoginGuiElement",0601301d639974dfb2bb95a203b326a1,11500000,1,"Assets/Scripts/ResourceCompatibility/TutorialLoginGuiElement.cs"
da3348191866a384b95001cc2c6d51b2,-644870382,"UpgradeSlotsSpiderling",a85296438ae48b5da77eeb6ea7eb0c37,11500000,1,"Assets/Scripts/ResourceCompatibility/UpgradeSlotsSpiderling.cs"
da3348191866a384b95001cc2c6d51b2,-635528244,"OverseerOrb",731556e3e9ad5b7a751a6e446e5b5222,11500000,1,"Assets/Scripts/ResourceCompatibility/OverseerOrb.cs"
da3348191866a384b95001cc2c6d51b2,-632075467,"UpgradeSlotsVTOL",9b817b32a2da28fd0e98098f86e3552b,11500000,1,"Assets/Scripts/ResourceCompatibility/UpgradeSlotsVTOL.cs"
da3348191866a384b95001cc2c6d51b2,-621388670,"SuperDivisionHintDialog",98b2be837824e54c121cb721a8eab6a3,11500000,1,"Assets/Scripts/ResourceCompatibility/SuperDivisionHintDialog.cs"
da3348191866a384b95001cc2c6d51b2,-598599505,"TutorialManagerAugmentations",023f1adde769e24b1f1239d0b04121f3,11500000,1,"Assets/Scripts/ResourceCompatibility/TutorialManagerAugmentations.cs"
da3348191866a384b95001cc2c6d51b2,-591861082,"AugmentationsButton",3b9d8ba3fdb946c6421c51f5b4a6a7ed,11500000,2,"Assets/Scripts/ResourceCompatibility/AugmentationsButton.cs"
da3348191866a384b95001cc2c6d51b2,-586994845,"AugmentationTutorialDialog",efc799bb8066ce9eaa9efe90c305d51e,11500000,1,"Assets/Scripts/ResourceCompatibility/AugmentationTutorialDialog.cs"
da3348191866a384b95001cc2c6d51b2,-571452600,"EnemyPointReplica",4c1cf585ddbc9e648235e3289fb14586,11500000,144,"Assets/Scripts/ResourceCompatibility/EnemyPointReplica.cs"
da3348191866a384b95001cc2c6d51b2,-562246091,"MatchShareManager",a048e58e7033b5b92acaebe0c7726130,11500000,1,"Assets/Scripts/ResourceCompatibility/MatchShareManager.cs"
da3348191866a384b95001cc2c6d51b2,-525626184,"InvasionEventLogRecord",16907ea62622693c6ce887992132bbda,11500000,1,"Assets/Scripts/ResourceCompatibility/InvasionEventLogRecord.cs"
da3348191866a384b95001cc2c6d51b2,-519507729,"AugmentationsFusionScreen",d797991bf4b0a2e6794fe1a9d1914062,11500000,1,"Assets/Scripts/ResourceCompatibility/AugmentationsFusionScreen.cs"
da3348191866a384b95001cc2c6d51b2,-495462816,"SuperDivisionContent",43476c7d12ea6873cbeef1dd22075337,11500000,1,"Assets/Scripts/ResourceCompatibility/SuperDivisionContent.cs"
da3348191866a384b95001cc2c6d51b2,-463889321,"MainScreenTransition",cf0450846c426cb2548de81c470b52c4,11500000,1,"Assets/Scripts/ResourceCompatibility/MainScreenTransition.cs"
da3348191866a384b95001cc2c6d51b2,-462468658,"Minigun",cb0af3fc4b236e4e9e0a3beb685076cb,11500000,27,"Assets/Scripts/ResourceCompatibility/Minigun.cs"
da3348191866a384b95001cc2c6d51b2,-450432699,"UpgradeSlotsRenegade",dcf6d23166d89ddc65565babec08e945,11500000,1,"Assets/Scripts/ResourceCompatibility/UpgradeSlotsRenegade.cs"
da3348191866a384b95001cc2c6d51b2,-415801850,"SquadWarEndMemberV2Record",1440347cc3117c4678344edb12af2311,11500000,1,"Assets/Scripts/ResourceCompatibility/SquadWarEndMemberV2Record.cs"
da3348191866a384b95001cc2c6d51b2,-414625062,"MinigunAugRecord",0a323f3294ace147bd005a314929e856,11500000,1,"Assets/Scripts/ResourceCompatibility/MinigunAugRecord.cs"
da3348191866a384b95001cc2c6d51b2,-406478915,"RentalGuiBuyPart",eae491ab4f96d9282dd4b262b93998c7,11500000,2,"Assets/Scripts/ResourceCompatibility/RentalGuiBuyPart.cs"
da3348191866a384b95001cc2c6d51b2,-403166788,"SoldierBehaviourChemical",4eb3c7e61050b462f993a2ce57171526,11500000,1,"Assets/Scripts/ResourceCompatibility/SoldierBehaviourChemical.cs"
da3348191866a384b95001cc2c6d51b2,-388987900,"AugmentationSummaryGuiRecord",d36d53a8d6041dbe7b63f0442482c71c,11500000,1,"Assets/Scripts/ResourceCompatibility/AugmentationSummaryGuiRecord.cs"
da3348191866a384b95001cc2c6d51b2,-387299235,"SquadInvasionContent",e01f9717c5d55ce54af6b67a78c731e6,11500000,1,"Assets/Scripts/ResourceCompatibility/SquadInvasionContent.cs"
da3348191866a384b95001cc2c6d51b2,-383821892,"FlockChild",706d3f2113ce61c3e4f035d47b008bdd,11500000,1,"Assets/Scripts/ResourceCompatibility/FlockChild.cs"
da3348191866a384b95001cc2c6d51b2,-377751862,"SuperChargedUnitsManager",fceabe1f73884243ca712180f5f7d21a,11500000,1,"Assets/Scripts/ResourceCompatibility/SuperChargedUnitsManager.cs"
da3348191866a384b95001cc2c6d51b2,-339278764,"Spiderling",5b4d3c2b38a7d1ce4baa17ebdbefb9bf,11500000,1,"Assets/Scripts/ResourceCompatibility/Spiderling.cs"
da3348191866a384b95001cc2c6d51b2,-293489529,"DoubleUpgradesExpiredDialog",7edd3b7b146f301e904e33fe351d3fc5,11500000,1,"Assets/Scripts/ResourceCompatibility/DoubleUpgradesExpiredDialog.cs"
da3348191866a384b95001cc2c6d51b2,-291007558,"LimitedOfferManager",59bc918c8f3aceb916894bda2302e381,11500000,1,"Assets/Scripts/ResourceCompatibility/LimitedOfferManager.cs"
da3348191866a384b95001cc2c6d51b2,-287306015,"UpgradeSlotsOverseer",43524da5156573e4ece491d2e3f72a83,11500000,1,"Assets/Scripts/ResourceCompatibility/UpgradeSlotsOverseer.cs"
da3348191866a384b95001cc2c6d51b2,-265989043,"TermsDialog",569c9f7cba6de399b30e0b8dc57227e0,11500000,1,"Assets/Scripts/ResourceCompatibility/TermsDialog.cs"
da3348191866a384b95001cc2c6d51b2,-257971494,"InvasionManager",10befd3fc86b22fa697ac9b936bf8777,11500000,1,"Assets/Scripts/ResourceCompatibility/InvasionManager.cs"
da3348191866a384b95001cc2c6d51b2,-236595226,"LocalNotifications.NotificationScheduler",3f025bba8b8ec4a4e80746cd6319f774,11500000,1,"Assets/Scripts/ResourceCompatibility/LocalNotifications/NotificationScheduler.cs"
da3348191866a384b95001cc2c6d51b2,-227105176,"UpgradeSlotsInstinct",b5e285a8fb794f8da9f1f9723fcd09f7,11500000,1,"Assets/Scripts/ResourceCompatibility/UpgradeSlotsInstinct.cs"
da3348191866a384b95001cc2c6d51b2,-227018948,"WeaponAugDetails",0e09e7c239a3ae1d34c21ade417bd8f2,11500000,1,"Assets/Scripts/ResourceCompatibility/WeaponAugDetails.cs"
da3348191866a384b95001cc2c6d51b2,-201802900,"EquippedWaugInfo",2076a113e6fe52ac9e0352c51ca54c6a,11500000,9,"Assets/Scripts/ResourceCompatibility/EquippedWaugInfo.cs"
da3348191866a384b95001cc2c6d51b2,-197638422,"UpgradeSlotsBreach",2d462ef5a7e4bfcd0d5dc850ebcd9363,11500000,1,"Assets/Scripts/ResourceCompatibility/UpgradeSlotsBreach.cs"
da3348191866a384b95001cc2c6d51b2,-189814467,"BattleCompareArmyRecord",fa628bb9bcf2807e8086b3df80e6d682,11500000,1,"Assets/Scripts/ResourceCompatibility/BattleCompareArmyRecord.cs"
da3348191866a384b95001cc2c6d51b2,-166073470,"MidnightManager",549966b0588d52bdcea9ee35975ca18f,11500000,1,"Assets/Scripts/ResourceCompatibility/MidnightManager.cs"
da3348191866a384b95001cc2c6d51b2,-161679984,"Sword",f2e3c3b7f5562c385285faf722a0bb80,11500000,1,"Assets/Scripts/ResourceCompatibility/Sword.cs"
da3348191866a384b95001cc2c6d51b2,-146605662,"PoisonArrowSetup",dc8bc633e495a8a61ad35ae67c06f6c0,11500000,1,"Assets/Scripts/ResourceCompatibility/PoisonArrowSetup.cs"
da3348191866a384b95001cc2c6d51b2,-132052057,"CovertManager",ed91921520e67064d341f885b66bd398,11500000,1,"Assets/Scripts/ResourceCompatibility/CovertManager.cs"
da3348191866a384b95001cc2c6d51b2,-97289611,"AugmentationManager",682e27cac2880a5cba649897a031878a,11500000,1,"Assets/Scripts/ResourceCompatibility/AugmentationManager.cs"
da3348191866a384b95001cc2c6d51b2,-45469822,"PulseRifleLevelsSetup",1ea6a7f3e79328b6199f09f2cebc4e0a,11500000,18,"Assets/Scripts/ResourceCompatibility/PulseRifleLevelsSetup.cs"
da3348191866a384b95001cc2c6d51b2,-22404435,"SpecterLaser",6b08a6097001d9a3d3b5f809eaba90c4,11500000,1,"Assets/Scripts/ResourceCompatibility/SpecterLaser.cs"
da3348191866a384b95001cc2c6d51b2,-13648737,"SquadWarsRewardHintRecord",02bec0eb069144b9d4bc1e2f5c79a1de,11500000,1,"Assets/Scripts/ResourceCompatibility/SquadWarsRewardHintRecord.cs"
da3348191866a384b95001cc2c6d51b2,-7234669,"ExoMechAnimator",cd433889cf71e143e420c8391e017e2c,11500000,1,"Assets/Scripts/ResourceCompatibility/ExoMechAnimator.cs"
da3348191866a384b95001cc2c6d51b2,7754994,"WeaponAugsManager",700a843233a6436c0e339a94e84bb85d,11500000,1,"Assets/Scripts/ResourceCompatibility/WeaponAugsManager.cs"
da3348191866a384b95001cc2c6d51b2,12332902,"EliteFinisherPackDialog",cf8734b775293fbe06c0beb5525f5a98,11500000,1,"Assets/Scripts/ResourceCompatibility/EliteFinisherPackDialog.cs"
da3348191866a384b95001cc2c6d51b2,51750248,"BreachTurret",9055482c338d3ab3b21193853f40349c,11500000,1,"Assets/Scripts/ResourceCompatibility/BreachTurret.cs"
da3348191866a384b95001cc2c6d51b2,94628619,"ShieldCosmeticsManager",79d015e0ef249b00ba61d11e7441ef95,11500000,1,"Assets/Scripts/ResourceCompatibility/ShieldCosmeticsManager.cs"
da3348191866a384b95001cc2c6d51b2,95782736,"Arrow",628216b1a9eb656e44af38965d14a50e,11500000,1,"Assets/Scripts/ResourceCompatibility/Arrow.cs"
da3348191866a384b95001cc2c6d51b2,96874283,"UpgradeSlotsChemical",d5249d2512f3d5dcd101a96bc01834be,11500000,1,"Assets/Scripts/ResourceCompatibility/UpgradeSlotsChemical.cs"
da3348191866a384b95001cc2c6d51b2,101447069,"BlackmarketUnitConfirmDialog",37fbb3cdbbe862a8fa1a910e4f92add9,11500000,1,"Assets/Scripts/ResourceCompatibility/BlackmarketUnitConfirmDialog.cs"
da3348191866a384b95001cc2c6d51b2,125689655,"BigSpritesLoader",0a9d04a8e262385a028622455dd685e1,11500000,1,"Assets/Scripts/ResourceCompatibility/BigSpritesLoader.cs"
da3348191866a384b95001cc2c6d51b2,131572891,"SubscriptionRemindDialog",57d343701043dcb0791d6a9737be089b,11500000,1,"Assets/Scripts/ResourceCompatibility/SubscriptionRemindDialog.cs"
da3348191866a384b95001cc2c6d51b2,134070834,"WeaponAugIcon",3e6a7228e82ecdff372d0dd5fbcbfb92,11500000,1,"Assets/Scripts/ResourceCompatibility/WeaponAugIcon.cs"
da3348191866a384b95001cc2c6d51b2,146802297,"BattleReversionDialog",e978a59d0782aeba44a2ae9419f4b689,11500000,1,"Assets/Scripts/ResourceCompatibility/BattleReversionDialog.cs"
da3348191866a384b95001cc2c6d51b2,179545562,"UpgradeSlotsCrossbowSniper",3b4e407c6c1fc7c6e239ee5f7dc44d96,11500000,1,"Assets/Scripts/ResourceCompatibility/UpgradeSlotsCrossbowSniper.cs"
da3348191866a384b95001cc2c6d51b2,184263954,"SelectFriendsSquadTab",e46118d09cd10a6f422f787ab7c21aeb,11500000,1,"Assets/Scripts/ResourceCompatibility/SelectFriendsSquadTab.cs"
da3348191866a384b95001cc2c6d51b2,214870787,"BazookaWithMuzzle",1d9e97b682cb56bff2dbf6f6adc86b6e,11500000,2,"Assets/Scripts/ResourceCompatibility/BazookaWithMuzzle.cs"
da3348191866a384b95001cc2c6d51b2,242557837,"BoosterTutorialRecord",0b04fe38d3a1e2881c521f5c48b03643,11500000,5,"Assets/Scripts/ResourceCompatibility/BoosterTutorialRecord.cs"
da3348191866a384b95001cc2c6d51b2,261499633,"SoldierBehaviourRiko",468fa1db0ca548494f499d6e4f60a7ac,11500000,1,"Assets/Scripts/ResourceCompatibility/SoldierBehaviourRiko.cs"
da3348191866a384b95001cc2c6d51b2,303024234,"SoldierBehaviourExoPilot",83bac21fc686137cde457092dc7fb209,11500000,1,"Assets/Scripts/ResourceCompatibility/SoldierBehaviourExoPilot.cs"
da3348191866a384b95001cc2c6d51b2,310809255,"InvaderContent",6ab6c1178ff063a40b64be98bc2876d2,11500000,1,"Assets/Scripts/ResourceCompatibility/InvaderContent.cs"
da3348191866a384b95001cc2c6d51b2,340672564,"UpgradeSlotsExoMech",d47121e6e9080d4998acd93401bc6654,11500000,1,"Assets/Scripts/ResourceCompatibility/UpgradeSlotsExoMech.cs"
da3348191866a384b95001cc2c6d51b2,359409591,"BoosterUpgradesDialog",dc50fd12cb62c3f795ee55b89fb9a720,11500000,2,"Assets/Scripts/ResourceCompatibility/BoosterUpgradesDialog.cs"
da3348191866a384b95001cc2c6d51b2,394729852,"HavocBehaviour",6a7b3117dfe41ecf3aa2dcdfe7169f0d,11500000,1,"Assets/Scripts/ResourceCompatibility/HavocBehaviour.cs"
da3348191866a384b95001cc2c6d51b2,397373038,"GameControllerInvasion",5341ce5b55cf87932e06c377d0e39972,11500000,1,"Assets/Scripts/ResourceCompatibility/GameControllerInvasion.cs"
da3348191866a384b95001cc2c6d51b2,416972421,"ExoMechBehaviour",6e682a3f5ec173e867ce4aabbec9d837,11500000,1,"Assets/Scripts/ResourceCompatibility/ExoMechBehaviour.cs"
da3348191866a384b95001cc2c6d51b2,440134846,"InvasionEndGameDialog",6586c62f0fe2cbf2d0d9c5658ffd01e1,11500000,1,"Assets/Scripts/ResourceCompatibility/InvasionEndGameDialog.cs"
da3348191866a384b95001cc2c6d51b2,468341076,"NotEnoughLoyaltyDialog",41bd132faff9616e0de06e9412a56127,11500000,1,"Assets/Scripts/ResourceCompatibility/NotEnoughLoyaltyDialog.cs"
da3348191866a384b95001cc2c6d51b2,489049270,"BulletPulseRifle",7fc2e6516db8d13869f9911eec00c1e1,11500000,1,"Assets/Scripts/ResourceCompatibility/BulletPulseRifle.cs"
da3348191866a384b95001cc2c6d51b2,508441053,"SquadButtonInvasion",dc68387f33c32c74dd970cf1afa735b6,11500000,1,"Assets/Scripts/ResourceCompatibility/SquadButtonInvasion.cs"
da3348191866a384b95001cc2c6d51b2,514699282,"PiggyBankEnd",fec1562e27e4346ff6821d7e9f20b0e0,11500000,4,"Assets/Scripts/ResourceCompatibility/PiggyBankEnd.cs"
da3348191866a384b95001cc2c6d51b2,556395889,"OtherDoubleUpgradeDialog",034a87b9268e03abd2fbf8dcfd14e485,11500000,1,"Assets/Scripts/ResourceCompatibility/OtherDoubleUpgradeDialog.cs"
da3348191866a384b95001cc2c6d51b2,566922485,"InappOfferBonusGUI",c36e2eb3b8ac73b0cff72961ee76fd9c,11500000,15,"Assets/Scripts/ResourceCompatibility/InappOfferBonusGUI.cs"
da3348191866a384b95001cc2c6d51b2,569199330,"TransferCodeDialog",4b9df8880574efd54b5ffaf853b1766a,11500000,1,"Assets/Scripts/ResourceCompatibility/TransferCodeDialog.cs"
da3348191866a384b95001cc2c6d51b2,592993971,"DismantleWeaponDialog",034f2d1c0d5d2122d17bbfde21d7f6ae,11500000,1,"Assets/Scripts/ResourceCompatibility/DismantleWeaponDialog.cs"
da3348191866a384b95001cc2c6d51b2,602035550,"ShieldsManager",e8173b3ceaf5635784f42c44240d47f8,11500000,1,"Assets/Scripts/ResourceCompatibility/ShieldsManager.cs"
da3348191866a384b95001cc2c6d51b2,609721075,"Assets.Scripts.GUI.ScreenNavigator",b46e01b52ae732c37de352dfc305433c,11500000,1,"Assets/Scripts/ResourceCompatibility/Assets.Scripts.GUI/ScreenNavigator.cs"
da3348191866a384b95001cc2c6d51b2,610121995,"LoyaltyManager",1c28aeeda734c15a9fe26a6fe2e2715f,11500000,1,"Assets/Scripts/ResourceCompatibility/LoyaltyManager.cs"
da3348191866a384b95001cc2c6d51b2,632798914,"InvasionDamagerRecord",f0b6e2be3462d1bbaf4aa341673fc066,11500000,1,"Assets/Scripts/ResourceCompatibility/InvasionDamagerRecord.cs"
da3348191866a384b95001cc2c6d51b2,648414478,"MatchHistoryManager",94e73fd5eebfc0a3bed590f615d5a84a,11500000,1,"Assets/Scripts/ResourceCompatibility/MatchHistoryManager.cs"
da3348191866a384b95001cc2c6d51b2,663973791,"IntroductionDealsDailyGold",6edc5cc9df6a46dce804d2361e8f8bba,11500000,1,"Assets/Scripts/ResourceCompatibility/IntroductionDealsDailyGold.cs"
da3348191866a384b95001cc2c6d51b2,687579509,"AugmentationFusionSlot",00ba7e39dd2bbec3815ab3693a5b2500,11500000,5,"Assets/Scripts/ResourceCompatibility/AugmentationFusionSlot.cs"
da3348191866a384b95001cc2c6d51b2,703569310,"BoosterManager",c36f324edfd13869d74788932e0790a5,11500000,1,"Assets/Scripts/ResourceCompatibility/BoosterManager.cs"
da3348191866a384b95001cc2c6d51b2,724932570,"DropRateHintGuiElement",55b5a07a493579f5805201256d0afa32,11500000,20,"Assets/Scripts/ResourceCompatibility/DropRateHintGuiElement.cs"
da3348191866a384b95001cc2c6d51b2,733143901,"BattleCompareWarcardRecord",46186dd30eccd56ab0d96964b135d967,11500000,1,"Assets/Scripts/ResourceCompatibility/BattleCompareWarcardRecord.cs"
da3348191866a384b95001cc2c6d51b2,748199112,"BoosterRewardDialog",004f5465815a5135b74378af69bab09a,11500000,1,"Assets/Scripts/ResourceCompatibility/BoosterRewardDialog.cs"
da3348191866a384b95001cc2c6d51b2,748653930,"UpgradeSlotsBackbone",724e010671cf4a78b712a09aa4b36d17,11500000,1,"Assets/Scripts/ResourceCompatibility/UpgradeSlotsBackbone.cs"
da3348191866a384b95001cc2c6d51b2,767463930,"WarArenaRuleRandomUnitCategory",044cc80ad104fadba021d792cb26af36,11500000,1,"Assets/Scripts/ResourceCompatibility/WarArenaRuleRandomUnitCategory.cs"
da3348191866a384b95001cc2c6d51b2,771110529,"InvasionSpawnController",a073d449a01bd910038a367d50541c87,11500000,1,"Assets/Scripts/ResourceCompatibility/InvasionSpawnController.cs"
da3348191866a384b95001cc2c6d51b2,773980612,"WeaponAugFusion",c5643de7829315dbc286ebd9b918f84f,11500000,1,"Assets/Scripts/ResourceCompatibility/WeaponAugFusion.cs"
da3348191866a384b95001cc2c6d51b2,775166900,"BattleCompareWeaponRecord",7b8201ca9511923e47fdc043f4728ab9,11500000,1,"Assets/Scripts/ResourceCompatibility/BattleCompareWeaponRecord.cs"
da3348191866a384b95001cc2c6d51b2,792310962,"SpawnPointHavoc",ed1fdf5ee56dd3683a6ec7187e7dce4a,11500000,36,"Assets/Scripts/ResourceCompatibility/SpawnPointHavoc.cs"
da3348191866a384b95001cc2c6d51b2,799372253,"CreditsGUIOneLine",107c4eb6d4b4364e92328c65d056e1c7,11500000,1,"Assets/Scripts/ResourceCompatibility/CreditsGUIOneLine.cs"
da3348191866a384b95001cc2c6d51b2,822442114,"WaugHintInfo",aa0f54147e8357e243084a65c3eed8a2,11500000,1,"Assets/Scripts/ResourceCompatibility/WaugHintInfo.cs"
da3348191866a384b95001cc2c6d51b2,827916026,"MaterialsDetails",0a6fd5ddec0f8bf32ea48c3d8acb4fe0,11500000,1,"Assets/Scripts/ResourceCompatibility/MaterialsDetails.cs"
da3348191866a384b95001cc2c6d51b2,867402269,"GDPRManager",d0dfcbd4b596d499bf1ecd6a68d5b196,11500000,1,"Assets/Scripts/ResourceCompatibility/GDPRManager.cs"
da3348191866a384b95001cc2c6d51b2,879209894,"SpiderlingAnimation",b09c13c5ddf715d4f49f534e5fa621a5,11500000,1,"Assets/Scripts/ResourceCompatibility/SpiderlingAnimation.cs"
da3348191866a384b95001cc2c6d51b2,899208274,"ShieldPreviewCamera",f080b326803ea37d1ce54bbe2f37c04b,11500000,1,"Assets/Scripts/ResourceCompatibility/ShieldPreviewCamera.cs"
da3348191866a384b95001cc2c6d51b2,907983681,"NewDailyRewardManager",e1d0ec6b14fcb78a182370ce6ff4c64e,11500000,1,"Assets/Scripts/ResourceCompatibility/NewDailyRewardManager.cs"
da3348191866a384b95001cc2c6d51b2,910493357,"UpgradeSlotsHavoc",4dfe6fdc56c852fe7fb2523c424eb6a1,11500000,1,"Assets/Scripts/ResourceCompatibility/UpgradeSlotsHavoc.cs"
da3348191866a384b95001cc2c6d51b2,913814257,"BuyWarbucksInstantlyDialog",4d3da08c09ee852930d4a4224333f6f4,11500000,1,"Assets/Scripts/ResourceCompatibility/BuyWarbucksInstantlyDialog.cs"
da3348191866a384b95001cc2c6d51b2,914880701,"TutorialBoosterDialog",44f893843490ca50bc75ec89dd418169,11500000,1,"Assets/Scripts/ResourceCompatibility/TutorialBoosterDialog.cs"
da3348191866a384b95001cc2c6d51b2,924336471,"WeaponAugTutorialDialog",61d59cbb353ec71d714bef9e08e5c8e5,11500000,1,"Assets/Scripts/ResourceCompatibility/WeaponAugTutorialDialog.cs"
da3348191866a384b95001cc2c6d51b2,951330584,"SoldierBehaviourOverseer",209061b1f4bcb02df16583770044233a,11500000,1,"Assets/Scripts/ResourceCompatibility/SoldierBehaviourOverseer.cs"
da3348191866a384b95001cc2c6d51b2,965419926,"BarrelsManager",b63094e99527942e947b464095a90c30,11500000,1,"Assets/Scripts/ResourceCompatibility/BarrelsManager.cs"
da3348191866a384b95001cc2c6d51b2,972128482,"SquadWarEndV2Dialog",d6514ce3f9ab52ad6d6956b19d0cbbb6,11500000,1,"Assets/Scripts/ResourceCompatibility/SquadWarEndV2Dialog.cs"
da3348191866a384b95001cc2c6d51b2,976881574,"UpgradeSlotsOrb",8052b05e0378ca537e2f21f1a111944b,11500000,1,"Assets/Scripts/ResourceCompatibility/UpgradeSlotsOrb.cs"
da3348191866a384b95001cc2c6d51b2,1050095186,"UpgradeSlotsSpiderBot",fd7522ba64301f244edd8f752f0c16eb,11500000,1,"Assets/Scripts/ResourceCompatibility/UpgradeSlotsSpiderBot.cs"
da3348191866a384b95001cc2c6d51b2,1104339410,"InvaderShield",7048a86f7c881bb6fcf22700828c1551,11500000,1,"Assets/Scripts/ResourceCompatibility/InvaderShield.cs"
da3348191866a384b95001cc2c6d51b2,1133926022,"RippleEffect",f27cca1298ccb6a482dc15f714db2a3d,11500000,15,"Assets/Scripts/ResourceCompatibility/RippleEffect.cs"
da3348191866a384b95001cc2c6d51b2,1137083514,"WarArenaRuleSpecialAbilitiesAndPerks",01180b503f586bff9077e4754245fc1c,11500000,1,"Assets/Scripts/ResourceCompatibility/WarArenaRuleSpecialAbilitiesAndPerks.cs"
da3348191866a384b95001cc2c6d51b2,1139008169,"KochavaConfiguration",fb17ea972fb3fe17ddfef5f05694e537,11500000,1,"Assets/Scripts/ResourceCompatibility/KochavaConfiguration.cs"
da3348191866a384b95001cc2c6d51b2,1161446305,"TutorialPrestigeDialog",d3127a214e60917d675107074bf4281a,11500000,1,"Assets/Scripts/ResourceCompatibility/TutorialPrestigeDialog.cs"
da3348191866a384b95001cc2c6d51b2,1166113337,"CrateCamera",78937f2b76b77dac1a22b86dddcb6453,11500000,1,"Assets/Scripts/ResourceCompatibility/CrateCamera.cs"
da3348191866a384b95001cc2c6d51b2,1176975709,"MainThreadCaller",b39d61462ed9f4416105523e619dd857,11500000,1,"Assets/Scripts/ResourceCompatibility/MainThreadCaller.cs"
da3348191866a384b95001cc2c6d51b2,1196093581,"CommanderManager",a51aa1a21be39a499b987ca9a8df91e6,11500000,1,"Assets/Scripts/ResourceCompatibility/CommanderManager.cs"
da3348191866a384b95001cc2c6d51b2,1208047513,"PiggyBankManager",18de2ecb93ccc36d4bd8b56a2fa4f33f,11500000,1,"Assets/Scripts/ResourceCompatibility/PiggyBankManager.cs"
da3348191866a384b95001cc2c6d51b2,1225922497,"MiniStarterPackBoxGuiRecord",cc3107c035715c63f0eabf2fcee80ebb,11500000,12,"Assets/Scripts/ResourceCompatibility/MiniStarterPackBoxGuiRecord.cs"
da3348191866a384b95001cc2c6d51b2,1228232575,"CommanderScreen",149304f2ca950a5b3a39393a00955b50,11500000,1,"Assets/Scripts/ResourceCompatibility/CommanderScreen.cs"
da3348191866a384b95001cc2c6d51b2,1234978759,"BattleComparePlayer",413beb4cacea07c8277314937f24fb42,11500000,2,"Assets/Scripts/ResourceCompatibility/BattleComparePlayer.cs"
da3348191866a384b95001cc2c6d51b2,1254419656,"QualitySettingsDialog",b4b7341215cd047a7f5843636e2cb71c,11500000,1,"Assets/Scripts/ResourceCompatibility/QualitySettingsDialog.cs"
da3348191866a384b95001cc2c6d51b2,1271908977,"PlayerAugmentations",a80f6a4aba48d6ed3d3377b2c05efa74,11500000,3,"Assets/Scripts/ResourceCompatibility/PlayerAugmentations.cs"
da3348191866a384b95001cc2c6d51b2,1305506787,"BMBigSlotRecord",8b4dadef702eab1af5a03be3c437019b,11500000,2,"Assets/Scripts/ResourceCompatibility/BMBigSlotRecord.cs"
da3348191866a384b95001cc2c6d51b2,1311667610,"RecruitingPart",c9b43401370e48d0e152f4f839f0490c,11500000,1,"Assets/Scripts/ResourceCompatibility/RecruitingPart.cs"
da3348191866a384b95001cc2c6d51b2,1325464998,"BunkerParachute",63bda3f436b709bbc258b8c873526e22,11500000,1,"Assets/Scripts/ResourceCompatibility/BunkerParachute.cs"
da3348191866a384b95001cc2c6d51b2,1348981525,"SpiderBot",9df5af0cb0094ec2ab1cae99ac0bcc3c,11500000,1,"Assets/Scripts/ResourceCompatibility/SpiderBot.cs"
da3348191866a384b95001cc2c6d51b2,1356383961,"InvasionEmptyContent",f63ee6325ea52db83f5db04544f850fc,11500000,1,"Assets/Scripts/ResourceCompatibility/InvasionEmptyContent.cs"
da3348191866a384b95001cc2c6d51b2,1385932781,"UpgradeSlotsSpecter",dbb04a55c296664b5d31ff91386ec4ca,11500000,1,"Assets/Scripts/ResourceCompatibility/UpgradeSlotsSpecter.cs"
da3348191866a384b95001cc2c6d51b2,1423250633,"Assets.Scripts.Game.Invasion.InvasionBattleController",e205590af9e2c10595501979935ee37e,11500000,1,"Assets/Scripts/ResourceCompatibility/Assets.Scripts.Game.Invasion/InvasionBattleController.cs"
da3348191866a384b95001cc2c6d51b2,1423268471,"SoldierBehaviourBreach",c6e804e0088b06525cf0f2ef349f759d,11500000,1,"Assets/Scripts/ResourceCompatibility/SoldierBehaviourBreach.cs"
da3348191866a384b95001cc2c6d51b2,1443382660,"InvasionReward",10a5ed39f0e5dea5bde2537407b1d3c8,11500000,6,"Assets/Scripts/ResourceCompatibility/InvasionReward.cs"
da3348191866a384b95001cc2c6d51b2,1482434170,"PurchaseThanksDialog",3b1dd3a9ead53979d02b3156e60d5627,11500000,1,"Assets/Scripts/ResourceCompatibility/PurchaseThanksDialog.cs"
da3348191866a384b95001cc2c6d51b2,1486181772,"RentalsDialog",ab26647e778ea8e39d88b2539adefb69,11500000,1,"Assets/Scripts/ResourceCompatibility/RentalsDialog.cs"
da3348191866a384b95001cc2c6d51b2,1550401350,"ObjectivesPart",84f1679b95012ad24dc52c0b71e6de35,11500000,1,"Assets/Scripts/ResourceCompatibility/ObjectivesPart.cs"
da3348191866a384b95001cc2c6d51b2,1590529334,"Crossbow",73a39dd329f339ee0d7d0fc771a0eefe,11500000,1,"Assets/Scripts/ResourceCompatibility/Crossbow.cs"
da3348191866a384b95001cc2c6d51b2,1611873469,"SelectFriendsManager",fff238bb3a56370429469d4f62470145,11500000,1,"Assets/Scripts/ResourceCompatibility/SelectFriendsManager.cs"
da3348191866a384b95001cc2c6d51b2,1620824874,"DoubleUpgradesManager",c0fea8ab5da34884976da439a5b07fce,11500000,1,"Assets/Scripts/ResourceCompatibility/DoubleUpgradesManager.cs"
da3348191866a384b95001cc2c6d51b2,1625407036,"BattleDetailsGuiRecord",ede0138a880908cb7144670f66d4bdc9,11500000,1,"Assets/Scripts/ResourceCompatibility/BattleDetailsGuiRecord.cs"
da3348191866a384b95001cc2c6d51b2,1651399876,"SoldierBehaviourInstinct",1256420eefeb827ed7e7cce1fae3fa3d,11500000,1,"Assets/Scripts/ResourceCompatibility/SoldierBehaviourInstinct.cs"
da3348191866a384b95001cc2c6d51b2,1654001457,"HelicopterMotor",7b12b6484dd620172591e74de5b34038,11500000,2,"Assets/Scripts/ResourceCompatibility/HelicopterMotor.cs"
da3348191866a384b95001cc2c6d51b2,1657026431,"SoldierBehaviourBackbone",7dac9315ca56acc9b4776596d3681fd5,11500000,1,"Assets/Scripts/ResourceCompatibility/SoldierBehaviourBackbone.cs"
da3348191866a384b95001cc2c6d51b2,1675336323,"AugHintInfo",3c19fd6ed0d45ebcea1fa9134320e046,11500000,1,"Assets/Scripts/ResourceCompatibility/AugHintInfo.cs"
da3348191866a384b95001cc2c6d51b2,1693105187,"BattleCompareDialog",bf1bb1e7737ff96e0a8ea68675813f35,11500000,1,"Assets/Scripts/ResourceCompatibility/BattleCompareDialog.cs"
da3348191866a384b95001cc2c6d51b2,1703927371,"LoyaltyGuiRecord",d7a81c96dd863f02ed28c8f75fa416a7,11500000,1,"Assets/Scripts/ResourceCompatibility/LoyaltyGuiRecord.cs"
da3348191866a384b95001cc2c6d51b2,1705976930,"BlackMarketStoreManager",ab43cefe6ff708446c13d9243ca924f2,11500000,1,"Assets/Scripts/ResourceCompatibility/BlackMarketStoreManager.cs"
da3348191866a384b95001cc2c6d51b2,1708487314,"EnemyPointHavoc",af8f3dcaa4b2c5c8bca5dab836774dd6,11500000,144,"Assets/Scripts/ResourceCompatibility/EnemyPointHavoc.cs"
da3348191866a384b95001cc2c6d51b2,1721265622,"BoosterRecord",7dfdfda50fe4539f65aa797f7f3b96c6,11500000,10,"Assets/Scripts/ResourceCompatibility/BoosterRecord.cs"
da3348191866a384b95001cc2c6d51b2,1803687413,"OrbBehaviour",674fb5df2606a9522bca79358d8c21c8,11500000,1,"Assets/Scripts/ResourceCompatibility/OrbBehaviour.cs"
da3348191866a384b95001cc2c6d51b2,1817713905,"SoldierBehaviourSurge",3ab27dd92224f4ebc072ad9b0a324136,11500000,1,"Assets/Scripts/ResourceCompatibility/SoldierBehaviourSurge.cs"
da3348191866a384b95001cc2c6d51b2,1823570315,"ArenaEqualPowerDialog",e1fb31c8a01a37ce251baa8832cf56fc,11500000,1,"Assets/Scripts/ResourceCompatibility/ArenaEqualPowerDialog.cs"
da3348191866a384b95001cc2c6d51b2,1827253931,"IAPsOfferDialog",ff8a67c373e69d8b4a74b141e53770d4,11500000,1,"Assets/Scripts/ResourceCompatibility/IAPsOfferDialog.cs"
da3348191866a384b95001cc2c6d51b2,1827525417,"IntroductionDealsEvent",9197897724c756c4375283e17c5409ac,11500000,1,"Assets/Scripts/ResourceCompatibility/IntroductionDealsEvent.cs"
da3348191866a384b95001cc2c6d51b2,1842360084,"SoldierBehaviourSpecter",a947e35cae7f8724a2a6879f6a40d98f,11500000,1,"Assets/Scripts/ResourceCompatibility/SoldierBehaviourSpecter.cs"
da3348191866a384b95001cc2c6d51b2,1848731793,"ObjectiveGuiRecord",ac598073f06ec9459d9c5db2a55e8a59,11500000,1,"Assets/Scripts/ResourceCompatibility/ObjectiveGuiRecord.cs"
da3348191866a384b95001cc2c6d51b2,1870064660,"PlayerPulseRifle",9cf33b6cc183816fde072996ca330914,11500000,55,"Assets/Scripts/ResourceCompatibility/PlayerPulseRifle.cs"
da3348191866a384b95001cc2c6d51b2,1879135095,"QualificationRecord",1541819f09e45c04deca83d2bc885449,11500000,1,"Assets/Scripts/ResourceCompatibility/QualificationRecord.cs"
da3348191866a384b95001cc2c6d51b2,1900353440,"SelectFriendsCommanderTab",b78f68e6f34e79fc7988e8494b5a0362,11500000,1,"Assets/Scripts/ResourceCompatibility/SelectFriendsCommanderTab.cs"
da3348191866a384b95001cc2c6d51b2,1900982071,"VTOLBehaviour",9b4491c2c178f9b00086f8c158630e54,11500000,1,"Assets/Scripts/ResourceCompatibility/VTOLBehaviour.cs"
da3348191866a384b95001cc2c6d51b2,1920757187,"BunkerBehaviour",477b62a12d53395b8110809ac50ffa59,11500000,1,"Assets/Scripts/ResourceCompatibility/BunkerBehaviour.cs"
da3348191866a384b95001cc2c6d51b2,1923299495,"PulseRifleBeamRenderer",43cf32520ebd3f61d8fdf37b71bac825,11500000,1,"Assets/Scripts/ResourceCompatibility/PulseRifleBeamRenderer.cs"
da3348191866a384b95001cc2c6d51b2,1928524156,"MainScreenSocial2",9274f9442e22171467a27a84459e0ad4,11500000,1,"Assets/Scripts/ResourceCompatibility/MainScreenSocial2.cs"
da3348191866a384b95001cc2c6d51b2,1931181775,"InvaderHealthBarGuiElement",de5b9de1d8e91812a80699db0410789f,11500000,1,"Assets/Scripts/ResourceCompatibility/InvaderHealthBarGuiElement.cs"
da3348191866a384b95001cc2c6d51b2,1931268162,"BattleCompareStatRecord",465f50771c3cc00c4cd857ea394e3f0f,11500000,16,"Assets/Scripts/ResourceCompatibility/BattleCompareStatRecord.cs"
da3348191866a384b95001cc2c6d51b2,1989536038,"HeaderRentalPart",8871bd99ab15b7a9cea0730c914bb372,11500000,1,"Assets/Scripts/ResourceCompatibility/HeaderRentalPart.cs"
da3348191866a384b95001cc2c6d51b2,1999234809,"BMSmallSlotRecord",fb78dbf1267b48b7dc2058b4a86286db,11500000,4,"Assets/Scripts/ResourceCompatibility/BMSmallSlotRecord.cs"
da3348191866a384b95001cc2c6d51b2,2007693668,"BattleCompareHintStatRecord",868341a5948885f37eb26d0d8815e8be,11500000,1,"Assets/Scripts/ResourceCompatibility/BattleCompareHintStatRecord.cs"
da3348191866a384b95001cc2c6d51b2,2049914006,"ShieldsButton",b9877db51c8b2ef18eda6770dfe0a7eb,11500000,1,"Assets/Scripts/ResourceCompatibility/ShieldsButton.cs"
da3348191866a384b95001cc2c6d51b2,2067582818,"Havoc",32bd14d479276d2f7519ce2cf50e5bff,11500000,1,"Assets/Scripts/ResourceCompatibility/Havoc.cs"
da3348191866a384b95001cc2c6d51b2,2083063684,"SoldierBehaviourRenegade",4083b390ee683c9c009a1cd9cb1ad4ba,11500000,1,"Assets/Scripts/ResourceCompatibility/SoldierBehaviourRenegade.cs"
da3348191866a384b95001cc2c6d51b2,2088880825,"Bunker",091b899b478da1983f9e11bf6a6d4dff,11500000,1,"Assets/Scripts/ResourceCompatibility/Bunker.cs"
da3348191866a384b95001cc2c6d51b2,2100167351,"AugmentationCrateDialog",e06f5fdfd944952406f7cc1f311889d9,11500000,1,"Assets/Scripts/ResourceCompatibility/AugmentationCrateDialog.cs"
da3348191866a384b95001cc2c6d51b2,2123355820,"WeaponAugsScreen",6945e8c09bc01f45429661b27fca86d3,11500000,1,"Assets/Scripts/ResourceCompatibility/WeaponAugsScreen.cs"
da3348191866a384b95001cc2c6d51b2,2133827730,"SoldierToVehicleCollisionManager",ec0fa060b374810cf963ce7d7b4b93ca,11500000,1,"Assets/Scripts/ResourceCompatibility/SoldierToVehicleCollisionManager.cs"
da3348191866a384b95001cc2c6d51b2,2142198523,"UpgradeSlotsExoPilot",9f802c223f408b9066e09c50384cae12,11500000,1,"Assets/Scripts/ResourceCompatibility/UpgradeSlotsExoPilot.cs"
