"assembly","full_name","reason","source_path","source_guid"
"WarFriends.ResourceCompatibility.FirstPass","AnimationOrTween.Direction","assembly-local dependency","Client/ExportedProject/Assets/Scripts/ResourceCompatibility.FirstPass/AnimationOrTween/Direction.cs","a09219595d605c368af07ef8de7ad106"
"WarFriends.ResourceCompatibility.FirstPass","BasicRopeTypes","assembly-local dependency","Client/ExportedProject/Assets/Scripts/ResourceCompatibility.FirstPass/BasicRopeTypes.cs","6b97b5a6d24b95d51aa92962e39b5b24"
"WarFriends.ResourceCompatibility.FirstPass","BestHTTP.Authentication.AuthenticationTypes","assembly-local dependency","Client/ExportedProject/Assets/Scripts/ResourceCompatibility.FirstPass/BestHTTP.Authentication/AuthenticationTypes.cs","ccc2f76460e00189483868a59f7c1e28"
"WarFriends.ResourceCompatibility.FirstPass","BestHTTP.Authentication.Credentials","assembly-local dependency","Client/ExportedProject/Assets/Scripts/ResourceCompatibility.FirstPass/BestHTTP.Authentication/Credentials.cs","16751ae40ebdba37289ebc7847a2d49b"
"WarFriends.ResourceCompatibility.FirstPass","BestHTTP.Cookies.Cookie","assembly-local dependency","Client/ExportedProject/Assets/Scripts/ResourceCompatibility.FirstPass/BestHTTP.Cookies/Cookie.cs","03bbe3061c77a8a657eb736d67c198f4"
"WarFriends.ResourceCompatibility.FirstPass","BestHTTP.Extensions.HeaderValue","assembly-local dependency","Client/ExportedProject/Assets/Scripts/ResourceCompatibility.FirstPass/BestHTTP.Extensions/HeaderValue.cs","277395d702cc820fc8c1ad9dc6357909"
"WarFriends.ResourceCompatibility.FirstPass","BestHTTP.Forms.HTTPFieldData","assembly-local dependency","Client/ExportedProject/Assets/Scripts/ResourceCompatibility.FirstPass/BestHTTP.Forms/HTTPFieldData.cs","90dbaabfca2189d899df512f852c973b"
"WarFriends.ResourceCompatibility.FirstPass","BestHTTP.Forms.HTTPFormBase","assembly-local dependency","Client/ExportedProject/Assets/Scripts/ResourceCompatibility.FirstPass/BestHTTP.Forms/HTTPFormBase.cs","0059f3df76dbb989acc58f2968c0e7b9"
"WarFriends.ResourceCompatibility.FirstPass","BestHTTP.Forms.HTTPFormUsage","assembly-local dependency","Client/ExportedProject/Assets/Scripts/ResourceCompatibility.FirstPass/BestHTTP.Forms/HTTPFormUsage.cs","464616bce20db28ccd1b9a1ea658808d"
"WarFriends.ResourceCompatibility.FirstPass","BestHTTP.HTTPMethods","assembly-local dependency","Client/ExportedProject/Assets/Scripts/ResourceCompatibility.FirstPass/BestHTTP/HTTPMethods.cs","56d1315e835d32dc0b8f29ce284f89fe"
"WarFriends.ResourceCompatibility.FirstPass","BestHTTP.HTTPProxy","assembly-local dependency","Client/ExportedProject/Assets/Scripts/ResourceCompatibility.FirstPass/BestHTTP/HTTPProxy.cs","aedbd60f3e91c624fb0d6a6e3e9d24af"
"WarFriends.ResourceCompatibility.FirstPass","BestHTTP.HTTPRange","assembly-local dependency","Client/ExportedProject/Assets/Scripts/ResourceCompatibility.FirstPass/BestHTTP/HTTPRange.cs","a908b5b19744396ed600e059575bf87d"
"WarFriends.ResourceCompatibility.FirstPass","BestHTTP.HTTPRequest","assembly-local dependency","Client/ExportedProject/Assets/Scripts/ResourceCompatibility.FirstPass/BestHTTP/HTTPRequest.cs","12a021cfd33a7820a482773d22fb0ed0"
"WarFriends.ResourceCompatibility.FirstPass","BestHTTP.HTTPRequestStates","assembly-local dependency","Client/ExportedProject/Assets/Scripts/ResourceCompatibility.FirstPass/BestHTTP/HTTPRequestStates.cs","ea6d95c283ead0a292a3f1ab22663ebe"
"WarFriends.ResourceCompatibility.FirstPass","BestHTTP.HTTPResponse","assembly-local dependency","Client/ExportedProject/Assets/Scripts/ResourceCompatibility.FirstPass/BestHTTP/HTTPResponse.cs","05c10ecf1c24b3ef16ad813405b9f90b"
"WarFriends.ResourceCompatibility.FirstPass","BestHTTP.OnBeforeRedirectionDelegate","assembly-local dependency","Client/ExportedProject/Assets/Scripts/ResourceCompatibility.FirstPass/BestHTTP/OnBeforeRedirectionDelegate.cs","1aa1fdb3571b178ff700bec48c1b84df"
"WarFriends.ResourceCompatibility.FirstPass","BestHTTP.OnDownloadProgressDelegate","assembly-local dependency","Client/ExportedProject/Assets/Scripts/ResourceCompatibility.FirstPass/BestHTTP/OnDownloadProgressDelegate.cs","06b4bf62deb1ed7a0b6bf91b26a820b4"
"WarFriends.ResourceCompatibility.FirstPass","BestHTTP.OnHeaderEnumerationDelegate","assembly-local dependency","Client/ExportedProject/Assets/Scripts/ResourceCompatibility.FirstPass/BestHTTP/OnHeaderEnumerationDelegate.cs","7748a9bb7e3dc539c0eb4e24ef63fe56"
"WarFriends.ResourceCompatibility.FirstPass","BestHTTP.OnRequestFinishedDelegate","assembly-local dependency","Client/ExportedProject/Assets/Scripts/ResourceCompatibility.FirstPass/BestHTTP/OnRequestFinishedDelegate.cs","dfe3bad7d8cbd34b56009be8064761d5"
"WarFriends.ResourceCompatibility.FirstPass","BestHTTP.OnUploadProgressDelegate","assembly-local dependency","Client/ExportedProject/Assets/Scripts/ResourceCompatibility.FirstPass/BestHTTP/OnUploadProgressDelegate.cs","d753b631486d6e8a7212c6fcb652f606"
"WarFriends.ResourceCompatibility.FirstPass","BestHTTP.SupportedProtocols","assembly-local dependency","Client/ExportedProject/Assets/Scripts/ResourceCompatibility.FirstPass/BestHTTP/SupportedProtocols.cs","cb86db361d545fa2d4810c5e1934049d"
"WarFriends.ResourceCompatibility.FirstPass","BetterList`1","assembly-local dependency","Client/ExportedProject/Assets/Scripts/ResourceCompatibility.FirstPass/BetterList.cs","fa35cdf5c65491de7d1118f2b25a10bc"
"WarFriends.ResourceCompatibility.FirstPass","BMFont","assembly-local dependency","Client/ExportedProject/Assets/Scripts/ResourceCompatibility.FirstPass/BMFont.cs","9d54f3d97b2c746d9e4a80a7d44cc50e"
"WarFriends.ResourceCompatibility.FirstPass","BMGlyph","assembly-local dependency","Client/ExportedProject/Assets/Scripts/ResourceCompatibility.FirstPass/BMGlyph.cs","0ae19ad6dc9ba3b14d88b8ce696072f1"
"WarFriends.ResourceCompatibility.FirstPass","BMSymbol","assembly-local dependency","Client/ExportedProject/Assets/Scripts/ResourceCompatibility.FirstPass/BMSymbol.cs","0d781c308988fa3d8775250f278b5099"
"WarFriends.ResourceCompatibility.FirstPass","CameraPath","assembly-local dependency","Client/ExportedProject/Assets/Scripts/ResourceCompatibility.FirstPass/CameraPath.cs","66036c5702ff60fdf78ad71c4b21b167"
"WarFriends.ResourceCompatibility.FirstPass","CameraPathAnimator","assembly-local dependency","Client/ExportedProject/Assets/Scripts/ResourceCompatibility.FirstPass/CameraPathAnimator.cs","a159fb303927fbc918f24daa29e92aa1"
"WarFriends.ResourceCompatibility.FirstPass","CameraPathControlPoint","assembly-local dependency","Client/ExportedProject/Assets/Scripts/ResourceCompatibility.FirstPass/CameraPathControlPoint.cs","320fdc96063d348e781e959a09fbf1f2"
"WarFriends.ResourceCompatibility.FirstPass","CameraPathDelay","assembly-local dependency","Client/ExportedProject/Assets/Scripts/ResourceCompatibility.FirstPass/CameraPathDelay.cs","183da739bbff09760bb0600d6daf3e7b"
"WarFriends.ResourceCompatibility.FirstPass","CameraPathDelayList","assembly-local dependency","Client/ExportedProject/Assets/Scripts/ResourceCompatibility.FirstPass/CameraPathDelayList.cs","de1bbe445c3bcac3b43191d25f49351a"
"WarFriends.ResourceCompatibility.FirstPass","CameraPathEvent","assembly-local dependency","Client/ExportedProject/Assets/Scripts/ResourceCompatibility.FirstPass/CameraPathEvent.cs","c3e39b94e87e6021e738362b0b0d45d3"
"WarFriends.ResourceCompatibility.FirstPass","CameraPathEventList","assembly-local dependency","Client/ExportedProject/Assets/Scripts/ResourceCompatibility.FirstPass/CameraPathEventList.cs","9fe63dba87e97b61ce8aac44e51bf8d6"
"WarFriends.ResourceCompatibility.FirstPass","CameraPathFOV","assembly-local dependency","Client/ExportedProject/Assets/Scripts/ResourceCompatibility.FirstPass/CameraPathFOV.cs","09209c2c696b0fc4bb7e80df29579ce8"
"WarFriends.ResourceCompatibility.FirstPass","CameraPathFOVList","assembly-local dependency","Client/ExportedProject/Assets/Scripts/ResourceCompatibility.FirstPass/CameraPathFOVList.cs","60f7eff4a0e0f04e78e30913160b60d2"
"WarFriends.ResourceCompatibility.FirstPass","CameraPathOrientation","assembly-local dependency","Client/ExportedProject/Assets/Scripts/ResourceCompatibility.FirstPass/CameraPathOrientation.cs","0563abd41ec0ce1df383386d35d8f486"
"WarFriends.ResourceCompatibility.FirstPass","CameraPathOrientationList","assembly-local dependency","Client/ExportedProject/Assets/Scripts/ResourceCompatibility.FirstPass/CameraPathOrientationList.cs","65f15f74fb654bda95cd99308ed17c00"
"WarFriends.ResourceCompatibility.FirstPass","CameraPathPoint","assembly-local dependency","Client/ExportedProject/Assets/Scripts/ResourceCompatibility.FirstPass/CameraPathPoint.cs","96c44695051a4bf9977f78b5c5e1a540"
"WarFriends.ResourceCompatibility.FirstPass","CameraPathPointList","assembly-local dependency","Client/ExportedProject/Assets/Scripts/ResourceCompatibility.FirstPass/CameraPathPointList.cs","6a99548908832b0ef3abda0d8541cd1e"
"WarFriends.ResourceCompatibility.FirstPass","CameraPathSpeed","assembly-local dependency","Client/ExportedProject/Assets/Scripts/ResourceCompatibility.FirstPass/CameraPathSpeed.cs","ecd7d5b27c9730c2e2275243f870c1b1"
"WarFriends.ResourceCompatibility.FirstPass","CameraPathSpeedList","assembly-local dependency","Client/ExportedProject/Assets/Scripts/ResourceCompatibility.FirstPass/CameraPathSpeedList.cs","0bcd11d8ba1bcfe8382ff4c46a031ab8"
"WarFriends.ResourceCompatibility.FirstPass","CameraPathTilt","assembly-local dependency","Client/ExportedProject/Assets/Scripts/ResourceCompatibility.FirstPass/CameraPathTilt.cs","2650e51e61d89b05a9e2accd152caee8"
"WarFriends.ResourceCompatibility.FirstPass","CameraPathTiltList","assembly-local dependency","Client/ExportedProject/Assets/Scripts/ResourceCompatibility.FirstPass/CameraPathTiltList.cs","455e0e2718b9a7bea001f8ce19a91104"
"WarFriends.ResourceCompatibility.FirstPass","CloudRegionCode","assembly-local dependency","Client/ExportedProject/Assets/Scripts/ResourceCompatibility.FirstPass/CloudRegionCode.cs","b0a51a54be9d477cde608fdb87d52db3"
"WarFriends.ResourceCompatibility.FirstPass","CodeStage.AntiCheat.ObscuredTypes.ObscuredBool","assembly-local dependency","Client/ExportedProject/Assets/Scripts/ResourceCompatibility.FirstPass/CodeStage.AntiCheat.ObscuredTypes/ObscuredBool.cs","0d98be2f661562dc0789c347b384c1ab"
"WarFriends.ResourceCompatibility.FirstPass","CodeStage.AntiCheat.ObscuredTypes.ObscuredFloat","assembly-local dependency","Client/ExportedProject/Assets/Scripts/ResourceCompatibility.FirstPass/CodeStage.AntiCheat.ObscuredTypes/ObscuredFloat.cs","ff36c63db1d1378b302a7c6c578133ce"
"WarFriends.ResourceCompatibility.FirstPass","CodeStage.AntiCheat.ObscuredTypes.ObscuredInt","assembly-local dependency","Client/ExportedProject/Assets/Scripts/ResourceCompatibility.FirstPass/CodeStage.AntiCheat.ObscuredTypes/ObscuredInt.cs","727c6681ec0cd6de0a618b0444ba174c"
"WarFriends.ResourceCompatibility.FirstPass","CodeStage.AntiCheat.ObscuredTypes.ObscuredUInt","assembly-local dependency","Client/ExportedProject/Assets/Scripts/ResourceCompatibility.FirstPass/CodeStage.AntiCheat.ObscuredTypes/ObscuredUInt.cs","eca69a6241cc1c41d1748988c0f5ece6"
"WarFriends.ResourceCompatibility.FirstPass","Core_BaseScript","assembly-local dependency","Client/ExportedProject/Assets/Scripts/ResourceCompatibility.FirstPass/Core_BaseScript.cs","21ab9dfdb9399bc05c6daa14d3ba2089"
"WarFriends.ResourceCompatibility.FirstPass","CoroutineReturn","assembly-local dependency","Client/ExportedProject/Assets/Scripts/ResourceCompatibility.FirstPass/CoroutineReturn.cs","79b381c1fe2e35a0362be42eaf540ce0"
"WarFriends.ResourceCompatibility.FirstPass","DisconnectCause","assembly-local dependency","Client/ExportedProject/Assets/Scripts/ResourceCompatibility.FirstPass/DisconnectCause.cs","e930ec3085761a16c3c890345b37e5ad"
"WarFriends.ResourceCompatibility.FirstPass","Google2u.AdBoosterWeightsRow","assembly-local dependency","Client/ExportedProject/Assets/Scripts/ResourceCompatibility.FirstPass/Google2u/AdBoosterWeightsRow.cs","e8fa70ad66148e4c2e62aa0c3a7a2434"
"WarFriends.ResourceCompatibility.FirstPass","Google2u.ArenaLootboxes","assembly-local dependency","Client/ExportedProject/Assets/Scripts/ResourceCompatibility.FirstPass/Google2u/ArenaLootboxes.cs","f66bae48e77eb6e3af91a943c746d2c5"
"WarFriends.ResourceCompatibility.FirstPass","Google2u.ArenaLootboxesRow","assembly-local dependency","Client/ExportedProject/Assets/Scripts/ResourceCompatibility.FirstPass/Google2u/ArenaLootboxesRow.cs","424e53081fd612693d074e906ba2a08b"
"WarFriends.ResourceCompatibility.FirstPass","Google2u.ArmyUpgrades","assembly-local dependency","Client/ExportedProject/Assets/Scripts/ResourceCompatibility.FirstPass/Google2u/ArmyUpgrades.cs","486f01f5b049868d1daaa8e8ef39a027"
"WarFriends.ResourceCompatibility.FirstPass","Google2u.ArmyUpgradesRow","assembly-local dependency","Client/ExportedProject/Assets/Scripts/ResourceCompatibility.FirstPass/Google2u/ArmyUpgradesRow.cs","b1f37c65e3000c9b1dc6f424740abd25"
"WarFriends.ResourceCompatibility.FirstPass","Google2u.AssaultRifle_ART8BMRow","assembly-local dependency","Client/ExportedProject/Assets/Scripts/ResourceCompatibility.FirstPass/Google2u/AssaultRifle_ART8BMRow.cs","1445d0464ac702c53b2be181603bc5c0"
"WarFriends.ResourceCompatibility.FirstPass","Google2u.AssaultRifle_ART8Row","assembly-local dependency","Client/ExportedProject/Assets/Scripts/ResourceCompatibility.FirstPass/Google2u/AssaultRifle_ART8Row.cs","9ebaee1a8a24aa0fe696e9a49151529e"
"WarFriends.ResourceCompatibility.FirstPass","Google2u.AssaultRifle_ART9BMRow","assembly-local dependency","Client/ExportedProject/Assets/Scripts/ResourceCompatibility.FirstPass/Google2u/AssaultRifle_ART9BMRow.cs","ecb38cd2379e112d1e699e8cfa446902"
"WarFriends.ResourceCompatibility.FirstPass","Google2u.AssaultRifle_ART9Row","assembly-local dependency","Client/ExportedProject/Assets/Scripts/ResourceCompatibility.FirstPass/Google2u/AssaultRifle_ART9Row.cs","d8ed98ccb5044bffade8cce87c063d73"
"WarFriends.ResourceCompatibility.FirstPass","Google2u.AssaultRifle_XM8BMRow","assembly-local dependency","Client/ExportedProject/Assets/Scripts/ResourceCompatibility.FirstPass/Google2u/AssaultRifle_XM8BMRow.cs","c29c63658b9c0775caf96a4e3a969ff1"
"WarFriends.ResourceCompatibility.FirstPass","Google2u.AssaultRifle_XM8Row","assembly-local dependency","Client/ExportedProject/Assets/Scripts/ResourceCompatibility.FirstPass/Google2u/AssaultRifle_XM8Row.cs","e94ff0d23a8c8a2681fdf43b2cc2065b"
"WarFriends.ResourceCompatibility.FirstPass","Google2u.AugmentationConstantsRow","assembly-local dependency","Client/ExportedProject/Assets/Scripts/ResourceCompatibility.FirstPass/Google2u/AugmentationConstantsRow.cs","eef8fef4805ee5fef8cdbddc3587b7c3"
"WarFriends.ResourceCompatibility.FirstPass","Google2u.AugmentationCratesRow","assembly-local dependency","Client/ExportedProject/Assets/Scripts/ResourceCompatibility.FirstPass/Google2u/AugmentationCratesRow.cs","53bf127d89afadcf1334b8099a0604a2"
"WarFriends.ResourceCompatibility.FirstPass","Google2u.AugmentationEffectMultipliersRow","assembly-local dependency","Client/ExportedProject/Assets/Scripts/ResourceCompatibility.FirstPass/Google2u/AugmentationEffectMultipliersRow.cs","ed1232b02ed9d774e3f0aead5ca281e5"
"WarFriends.ResourceCompatibility.FirstPass","Google2u.AugmentationEffectsRow","assembly-local dependency","Client/ExportedProject/Assets/Scripts/ResourceCompatibility.FirstPass/Google2u/AugmentationEffectsRow.cs","47e5e2b68e5991c81eb298f7244e99ae"
"WarFriends.ResourceCompatibility.FirstPass","Google2u.AugmentationEffectValuesRow","assembly-local dependency","Client/ExportedProject/Assets/Scripts/ResourceCompatibility.FirstPass/Google2u/AugmentationEffectValuesRow.cs","5503f7dabe3092505e367383ce06a2fe"
"WarFriends.ResourceCompatibility.FirstPass","Google2u.AugmentationLevelsRow","assembly-local dependency","Client/ExportedProject/Assets/Scripts/ResourceCompatibility.FirstPass/Google2u/AugmentationLevelsRow.cs","cef8a6f152683a707c6fa843aa717f29"
"WarFriends.ResourceCompatibility.FirstPass","Google2u.AugmentationRaritiesRow","assembly-local dependency","Client/ExportedProject/Assets/Scripts/ResourceCompatibility.FirstPass/Google2u/AugmentationRaritiesRow.cs","66b1653c95ff4c9aef10c37f5e90ca2e"
"WarFriends.ResourceCompatibility.FirstPass","Google2u.AugmentationTriggersRow","assembly-local dependency","Client/ExportedProject/Assets/Scripts/ResourceCompatibility.FirstPass/Google2u/AugmentationTriggersRow.cs","4516fc52acba8324071847340804d740"
"WarFriends.ResourceCompatibility.FirstPass","Google2u.Bazooka_JuggernautBMRow","assembly-local dependency","Client/ExportedProject/Assets/Scripts/ResourceCompatibility.FirstPass/Google2u/Bazooka_JuggernautBMRow.cs","af893934cfe28d22a7ec4dc08c384b5f"
"WarFriends.ResourceCompatibility.FirstPass","Google2u.Bazooka_JuggernautEliteRow","assembly-local dependency","Client/ExportedProject/Assets/Scripts/ResourceCompatibility.FirstPass/Google2u/Bazooka_JuggernautEliteRow.cs","59c391e10ae1001905488e5f9f1174b7"
"WarFriends.ResourceCompatibility.FirstPass","Google2u.Bazooka_JuggernautRow","assembly-local dependency","Client/ExportedProject/Assets/Scripts/ResourceCompatibility.FirstPass/Google2u/Bazooka_JuggernautRow.cs","6681b4d539514c5fff0d06e6e5db1bd1"
"WarFriends.ResourceCompatibility.FirstPass","Google2u.Bazooka_RLT8BMRow","assembly-local dependency","Client/ExportedProject/Assets/Scripts/ResourceCompatibility.FirstPass/Google2u/Bazooka_RLT8BMRow.cs","3605effa05bff7b593ab7642aa0ecab5"
"WarFriends.ResourceCompatibility.FirstPass","Google2u.Bazooka_RLT8Row","assembly-local dependency","Client/ExportedProject/Assets/Scripts/ResourceCompatibility.FirstPass/Google2u/Bazooka_RLT8Row.cs","7fa15d25dfa597c23657c4997c9e5e15"
"WarFriends.ResourceCompatibility.FirstPass","Google2u.Bazooka_RLT9BMRow","assembly-local dependency","Client/ExportedProject/Assets/Scripts/ResourceCompatibility.FirstPass/Google2u/Bazooka_RLT9BMRow.cs","8d78ea95e9f082f781b0eb4274ac5f1e"
"WarFriends.ResourceCompatibility.FirstPass","Google2u.Bazooka_RLT9Row","assembly-local dependency","Client/ExportedProject/Assets/Scripts/ResourceCompatibility.FirstPass/Google2u/Bazooka_RLT9Row.cs","d84c8570567634f1640b0690062ec6bb"
"WarFriends.ResourceCompatibility.FirstPass","Google2u.BoosterLevelsRow","assembly-local dependency","Client/ExportedProject/Assets/Scripts/ResourceCompatibility.FirstPass/Google2u/BoosterLevelsRow.cs","00ede17bcbcb8038b919cdf08ae5afa4"
"WarFriends.ResourceCompatibility.FirstPass","Google2u.BotPerksRow","assembly-local dependency","Client/ExportedProject/Assets/Scripts/ResourceCompatibility.FirstPass/Google2u/BotPerksRow.cs","875d1e2172a90302f2fcb5e3ff1415b9"
"WarFriends.ResourceCompatibility.FirstPass","Google2u.CardDefinitions","assembly-local dependency","Client/ExportedProject/Assets/Scripts/ResourceCompatibility.FirstPass/Google2u/CardDefinitions.cs","431740a15dd9f87646f99615d3ca2ed5"
"WarFriends.ResourceCompatibility.FirstPass","Google2u.CardDefinitionsRow","assembly-local dependency","Client/ExportedProject/Assets/Scripts/ResourceCompatibility.FirstPass/Google2u/CardDefinitionsRow.cs","72eb8d48f7e079051c9e9a18c8f93a15"
"WarFriends.ResourceCompatibility.FirstPass","Google2u.CommanderObjectivesRow","assembly-local dependency","Client/ExportedProject/Assets/Scripts/ResourceCompatibility.FirstPass/Google2u/CommanderObjectivesRow.cs","68cbb5ba382e64f5157e9bc63089c655"
"WarFriends.ResourceCompatibility.FirstPass","Google2u.Constants","assembly-local dependency","Client/ExportedProject/Assets/Scripts/ResourceCompatibility.FirstPass/Google2u/Constants.cs","ea54ffd1704bc8eab976e9dd30ddb5ce"
"WarFriends.ResourceCompatibility.FirstPass","Google2u.ConstantsRow","assembly-local dependency","Client/ExportedProject/Assets/Scripts/ResourceCompatibility.FirstPass/Google2u/ConstantsRow.cs","07068c934f122695fd2fe6c814125edf"
"WarFriends.ResourceCompatibility.FirstPass","Google2u.DBUpgradeSlotsBackboneRow","assembly-local dependency","Client/ExportedProject/Assets/Scripts/ResourceCompatibility.FirstPass/Google2u/DBUpgradeSlotsBackboneRow.cs","6a8a67f3297260c407d7fc28dc76721c"
"WarFriends.ResourceCompatibility.FirstPass","Google2u.DBUpgradeSlotsBreachRow","assembly-local dependency","Client/ExportedProject/Assets/Scripts/ResourceCompatibility.FirstPass/Google2u/DBUpgradeSlotsBreachRow.cs","1efff5071d173d05d4f1290cba09a79f"
"WarFriends.ResourceCompatibility.FirstPass","Google2u.DBUpgradeSlotsBunkerRow","assembly-local dependency","Client/ExportedProject/Assets/Scripts/ResourceCompatibility.FirstPass/Google2u/DBUpgradeSlotsBunkerRow.cs","ef56258a07a6bc371d179abaf104a36d"
"WarFriends.ResourceCompatibility.FirstPass","Google2u.DBUpgradeSlotsChemicalRow","assembly-local dependency","Client/ExportedProject/Assets/Scripts/ResourceCompatibility.FirstPass/Google2u/DBUpgradeSlotsChemicalRow.cs","4bb0c398d3d111ad5b688e22cf9b5a87"
"WarFriends.ResourceCompatibility.FirstPass","Google2u.DBUpgradeSlotsCrossbowSniperRow","assembly-local dependency","Client/ExportedProject/Assets/Scripts/ResourceCompatibility.FirstPass/Google2u/DBUpgradeSlotsCrossbowSniperRow.cs","b75238f5fe6dd93fe7ee524af2cbdde8"
"WarFriends.ResourceCompatibility.FirstPass","Google2u.DBUpgradeSlotsExoMechRow","assembly-local dependency","Client/ExportedProject/Assets/Scripts/ResourceCompatibility.FirstPass/Google2u/DBUpgradeSlotsExoMechRow.cs","d93eb1f52866f100f1ac46cd723fb04d"
"WarFriends.ResourceCompatibility.FirstPass","Google2u.DBUpgradeSlotsExoPilotRow","assembly-local dependency","Client/ExportedProject/Assets/Scripts/ResourceCompatibility.FirstPass/Google2u/DBUpgradeSlotsExoPilotRow.cs","837a852d76a01c2f0e8dff8020b314bd"
"WarFriends.ResourceCompatibility.FirstPass","Google2u.DBUpgradeSlotsHavocRow","assembly-local dependency","Client/ExportedProject/Assets/Scripts/ResourceCompatibility.FirstPass/Google2u/DBUpgradeSlotsHavocRow.cs","ca8df70f3a8900787630bde91aecb919"
"WarFriends.ResourceCompatibility.FirstPass","Google2u.DBUpgradeSlotsInstinctRow","assembly-local dependency","Client/ExportedProject/Assets/Scripts/ResourceCompatibility.FirstPass/Google2u/DBUpgradeSlotsInstinctRow.cs","caaccb18078ea669e8c60e9e11cca549"
"WarFriends.ResourceCompatibility.FirstPass","Google2u.DBUpgradeSlotsMech","assembly-local dependency","Client/ExportedProject/Assets/Scripts/ResourceCompatibility.FirstPass/Google2u/DBUpgradeSlotsMech.cs","e5a16afafefead31f328d4ebdbe5b272"
"WarFriends.ResourceCompatibility.FirstPass","Google2u.DBUpgradeSlotsMechRow","assembly-local dependency","Client/ExportedProject/Assets/Scripts/ResourceCompatibility.FirstPass/Google2u/DBUpgradeSlotsMechRow.cs","f1901eed36c3be77a0f529f5005b47c2"
"WarFriends.ResourceCompatibility.FirstPass","Google2u.DBUpgradeSlotsOrbRow","assembly-local dependency","Client/ExportedProject/Assets/Scripts/ResourceCompatibility.FirstPass/Google2u/DBUpgradeSlotsOrbRow.cs","f44e37cf8b0a4684556541ce5889898f"
"WarFriends.ResourceCompatibility.FirstPass","Google2u.DBUpgradeSlotsOverseerRow","assembly-local dependency","Client/ExportedProject/Assets/Scripts/ResourceCompatibility.FirstPass/Google2u/DBUpgradeSlotsOverseerRow.cs","a4104fd9d7458c25b67b2dadedbb0b32"
"WarFriends.ResourceCompatibility.FirstPass","Google2u.DBUpgradeSlotsRenegadeRow","assembly-local dependency","Client/ExportedProject/Assets/Scripts/ResourceCompatibility.FirstPass/Google2u/DBUpgradeSlotsRenegadeRow.cs","53f8f9822a6fa0e21323306b18c27c36"
"WarFriends.ResourceCompatibility.FirstPass","Google2u.DBUpgradeSlotsRikoRow","assembly-local dependency","Client/ExportedProject/Assets/Scripts/ResourceCompatibility.FirstPass/Google2u/DBUpgradeSlotsRikoRow.cs","f0f55d0aa47343b83928904849689bbe"
"WarFriends.ResourceCompatibility.FirstPass","Google2u.DBUpgradeSlotsSilverstrikeRow","assembly-local dependency","Client/ExportedProject/Assets/Scripts/ResourceCompatibility.FirstPass/Google2u/DBUpgradeSlotsSilverstrikeRow.cs","1ee522334cd2a535871604095fb45855"
"WarFriends.ResourceCompatibility.FirstPass","Google2u.DBUpgradeSlotsSpecterRow","assembly-local dependency","Client/ExportedProject/Assets/Scripts/ResourceCompatibility.FirstPass/Google2u/DBUpgradeSlotsSpecterRow.cs","52bef1a4551efe9dcd9111aee2239d10"
"WarFriends.ResourceCompatibility.FirstPass","Google2u.DBUpgradeSlotsSpiderBotRow","assembly-local dependency","Client/ExportedProject/Assets/Scripts/ResourceCompatibility.FirstPass/Google2u/DBUpgradeSlotsSpiderBotRow.cs","4ef273a71719a64e503f9344614b98ca"
"WarFriends.ResourceCompatibility.FirstPass","Google2u.DBUpgradeSlotsSurgeRow","assembly-local dependency","Client/ExportedProject/Assets/Scripts/ResourceCompatibility.FirstPass/Google2u/DBUpgradeSlotsSurgeRow.cs","1574b55b5e9141445898c45988c32297"
"WarFriends.ResourceCompatibility.FirstPass","Google2u.DBUpgradeSlotsVTOLRow","assembly-local dependency","Client/ExportedProject/Assets/Scripts/ResourceCompatibility.FirstPass/Google2u/DBUpgradeSlotsVTOLRow.cs","ced6f686475759ce50cdd1eacc86d048"
"WarFriends.ResourceCompatibility.FirstPass","Google2u.EliteFinisherPacksRow","assembly-local dependency","Client/ExportedProject/Assets/Scripts/ResourceCompatibility.FirstPass/Google2u/EliteFinisherPacksRow.cs","ab9fd1ca4027fbc086b626ebca05f6d7"
"WarFriends.ResourceCompatibility.FirstPass","Google2u.Google2uComponentBase","assembly-local dependency","Client/ExportedProject/Assets/Scripts/ResourceCompatibility.FirstPass/Google2u/Google2uComponentBase.cs","e1eb229588a33c69f25c3ad88b51d2fb"
"WarFriends.ResourceCompatibility.FirstPass","Google2u.Grenade_DoombringerBMRow","assembly-local dependency","Client/ExportedProject/Assets/Scripts/ResourceCompatibility.FirstPass/Google2u/Grenade_DoombringerBMRow.cs","780a714c1842f21f271ce5cbb11766e8"
"WarFriends.ResourceCompatibility.FirstPass","Google2u.Grenade_DoombringerRow","assembly-local dependency","Client/ExportedProject/Assets/Scripts/ResourceCompatibility.FirstPass/Google2u/Grenade_DoombringerRow.cs","c5191029c18ea99ce3d4582e05ab434a"
"WarFriends.ResourceCompatibility.FirstPass","Google2u.Grenade_GT8BMRow","assembly-local dependency","Client/ExportedProject/Assets/Scripts/ResourceCompatibility.FirstPass/Google2u/Grenade_GT8BMRow.cs","6c551ca483691541690f889888129b46"
"WarFriends.ResourceCompatibility.FirstPass","Google2u.Grenade_GT8Row","assembly-local dependency","Client/ExportedProject/Assets/Scripts/ResourceCompatibility.FirstPass/Google2u/Grenade_GT8Row.cs","b62d87c351cbdd8ad716788801cab376"
"WarFriends.ResourceCompatibility.FirstPass","Google2u.Grenade_GT9BMRow","assembly-local dependency","Client/ExportedProject/Assets/Scripts/ResourceCompatibility.FirstPass/Google2u/Grenade_GT9BMRow.cs","71cad9d7a2f5758d46d102a7a212ed2b"
"WarFriends.ResourceCompatibility.FirstPass","Google2u.Grenade_GT9Row","assembly-local dependency","Client/ExportedProject/Assets/Scripts/ResourceCompatibility.FirstPass/Google2u/Grenade_GT9Row.cs","5cdf8261dd82894619d20a9b12f1d720"
"WarFriends.ResourceCompatibility.FirstPass","Google2u.GrenadeLauncher_GLT8BMRow","assembly-local dependency","Client/ExportedProject/Assets/Scripts/ResourceCompatibility.FirstPass/Google2u/GrenadeLauncher_GLT8BMRow.cs","abbf342ceade788b53f7097b2dd18357"
"WarFriends.ResourceCompatibility.FirstPass","Google2u.GrenadeLauncher_GLT8Row","assembly-local dependency","Client/ExportedProject/Assets/Scripts/ResourceCompatibility.FirstPass/Google2u/GrenadeLauncher_GLT8Row.cs","1ee47c80672ed6e8028dbf9ce7dd968f"
"WarFriends.ResourceCompatibility.FirstPass","Google2u.GrenadeLauncher_GLT9BMRow","assembly-local dependency","Client/ExportedProject/Assets/Scripts/ResourceCompatibility.FirstPass/Google2u/GrenadeLauncher_GLT9BMRow.cs","eabffd676f8ca9fe8485c56f3a29faea"
"WarFriends.ResourceCompatibility.FirstPass","Google2u.GrenadeLauncher_GLT9Row","assembly-local dependency","Client/ExportedProject/Assets/Scripts/ResourceCompatibility.FirstPass/Google2u/GrenadeLauncher_GLT9Row.cs","1c89e49f89bfd86e19383152f9ce2e21"
"WarFriends.ResourceCompatibility.FirstPass","Google2u.GrenadeLauncher_XM25BMRow","assembly-local dependency","Client/ExportedProject/Assets/Scripts/ResourceCompatibility.FirstPass/Google2u/GrenadeLauncher_XM25BMRow.cs","d35e2026f164edaf974ab023fd83f09e"
"WarFriends.ResourceCompatibility.FirstPass","Google2u.GrenadeLauncher_XM25Row","assembly-local dependency","Client/ExportedProject/Assets/Scripts/ResourceCompatibility.FirstPass/Google2u/GrenadeLauncher_XM25Row.cs","93d573126fcd4aae832e24bdbdbfdf31"
"WarFriends.ResourceCompatibility.FirstPass","Google2u.IGoogle2uDB","assembly-local dependency","Client/ExportedProject/Assets/Scripts/ResourceCompatibility.FirstPass/Google2u/IGoogle2uDB.cs","824fbd64af1ccb9bffa4cd5cde1ab7f2"
"WarFriends.ResourceCompatibility.FirstPass","Google2u.IGoogle2uRow","assembly-local dependency","Client/ExportedProject/Assets/Scripts/ResourceCompatibility.FirstPass/Google2u/IGoogle2uRow.cs","10e6db932e27a4b9a7e1f9d7809b59f7"
"WarFriends.ResourceCompatibility.FirstPass","Google2u.InApps","assembly-local dependency","Client/ExportedProject/Assets/Scripts/ResourceCompatibility.FirstPass/Google2u/InApps.cs","46c5a01daddc26a9ebfb07a8be445433"
"WarFriends.ResourceCompatibility.FirstPass","Google2u.InAppsRow","assembly-local dependency","Client/ExportedProject/Assets/Scripts/ResourceCompatibility.FirstPass/Google2u/InAppsRow.cs","037cef3f6b109ebbf03209c974450ffb"
"WarFriends.ResourceCompatibility.FirstPass","Google2u.InvasionConstantsRow","assembly-local dependency","Client/ExportedProject/Assets/Scripts/ResourceCompatibility.FirstPass/Google2u/InvasionConstantsRow.cs","f0508deffb589968a4427927438ad4a1"
"WarFriends.ResourceCompatibility.FirstPass","Google2u.InvasionSpawnSettingsRow","assembly-local dependency","Client/ExportedProject/Assets/Scripts/ResourceCompatibility.FirstPass/Google2u/InvasionSpawnSettingsRow.cs","af534188deb035f799dbb0fe96cdad76"
"WarFriends.ResourceCompatibility.FirstPass","Google2u.Levels","assembly-local dependency","Client/ExportedProject/Assets/Scripts/ResourceCompatibility.FirstPass/Google2u/Levels.cs","6688113692e69d49cf1966b1816fa948"
"WarFriends.ResourceCompatibility.FirstPass","Google2u.LevelsRow","assembly-local dependency","Client/ExportedProject/Assets/Scripts/ResourceCompatibility.FirstPass/Google2u/LevelsRow.cs","5cbf7d404d9de63bc205f1246e620644"
"WarFriends.ResourceCompatibility.FirstPass","Google2u.LMG_MinigunEliteRow","assembly-local dependency","Client/ExportedProject/Assets/Scripts/ResourceCompatibility.FirstPass/Google2u/LMG_MinigunEliteRow.cs","633743142c73b40d2f4ac65834b06bc7"
"WarFriends.ResourceCompatibility.FirstPass","Google2u.LMG_StarHammerBMRow","assembly-local dependency","Client/ExportedProject/Assets/Scripts/ResourceCompatibility.FirstPass/Google2u/LMG_StarHammerBMRow.cs","5738f37e650ff4f557c095a6b425b625"
"WarFriends.ResourceCompatibility.FirstPass","Google2u.LMG_StarHammerRow","assembly-local dependency","Client/ExportedProject/Assets/Scripts/ResourceCompatibility.FirstPass/Google2u/LMG_StarHammerRow.cs","a227fc29f23fecbf76ecda7019c736aa"
"WarFriends.ResourceCompatibility.FirstPass","Google2u.LMG_T8BMRow","assembly-local dependency","Client/ExportedProject/Assets/Scripts/ResourceCompatibility.FirstPass/Google2u/LMG_T8BMRow.cs","ab3ea568988c068343352f8a83b6f95f"
"WarFriends.ResourceCompatibility.FirstPass","Google2u.LMG_T8Row","assembly-local dependency","Client/ExportedProject/Assets/Scripts/ResourceCompatibility.FirstPass/Google2u/LMG_T8Row.cs","25fdc3008c6c16faabe957daf3a494a7"
"WarFriends.ResourceCompatibility.FirstPass","Google2u.LMG_T9BMRow","assembly-local dependency","Client/ExportedProject/Assets/Scripts/ResourceCompatibility.FirstPass/Google2u/LMG_T9BMRow.cs","2c8bcd3ad33b30620d11cb770d38e739"
"WarFriends.ResourceCompatibility.FirstPass","Google2u.LMG_T9Row","assembly-local dependency","Client/ExportedProject/Assets/Scripts/ResourceCompatibility.FirstPass/Google2u/LMG_T9Row.cs","21b39fe365f11428531530b579e423ec"
"WarFriends.ResourceCompatibility.FirstPass","Google2u.Minigun_AvengerRow","assembly-local dependency","Client/ExportedProject/Assets/Scripts/ResourceCompatibility.FirstPass/Google2u/Minigun_AvengerRow.cs","8022f7d43ac1938ee5547156ebcf517f"
"WarFriends.ResourceCompatibility.FirstPass","Google2u.Minigun_LooperRow","assembly-local dependency","Client/ExportedProject/Assets/Scripts/ResourceCompatibility.FirstPass/Google2u/Minigun_LooperRow.cs","db66b6a2121f99faa6671371524fe834"
"WarFriends.ResourceCompatibility.FirstPass","Google2u.Minigun_T9BMRow","assembly-local dependency","Client/ExportedProject/Assets/Scripts/ResourceCompatibility.FirstPass/Google2u/Minigun_T9BMRow.cs","7a170f3915532078b6c496c5fbb2ecc9"
"WarFriends.ResourceCompatibility.FirstPass","Google2u.Minigun_TripleThreatBMRow","assembly-local dependency","Client/ExportedProject/Assets/Scripts/ResourceCompatibility.FirstPass/Google2u/Minigun_TripleThreatBMRow.cs","d4d63da70e12784593b7752300197e14"
"WarFriends.ResourceCompatibility.FirstPass","Google2u.Minigun_VindicatorRow","assembly-local dependency","Client/ExportedProject/Assets/Scripts/ResourceCompatibility.FirstPass/Google2u/Minigun_VindicatorRow.cs","495f0d91dccab491525e5a1a4b5cb71d"
"WarFriends.ResourceCompatibility.FirstPass","Google2u.Packs","assembly-local dependency","Client/ExportedProject/Assets/Scripts/ResourceCompatibility.FirstPass/Google2u/Packs.cs","5bccaad2b9b81785ef471ce9aae37ee8"
"WarFriends.ResourceCompatibility.FirstPass","Google2u.PacksRow","assembly-local dependency","Client/ExportedProject/Assets/Scripts/ResourceCompatibility.FirstPass/Google2u/PacksRow.cs","dc1075bd6af045f78dc21c0643bc433b"
"WarFriends.ResourceCompatibility.FirstPass","Google2u.PiggyBankRow","assembly-local dependency","Client/ExportedProject/Assets/Scripts/ResourceCompatibility.FirstPass/Google2u/PiggyBankRow.cs","8efd2371b5edcddeb6a565b5faabc4cb"
"WarFriends.ResourceCompatibility.FirstPass","Google2u.Pistol_P320Row","assembly-local dependency","Client/ExportedProject/Assets/Scripts/ResourceCompatibility.FirstPass/Google2u/Pistol_P320Row.cs","b57878fbfc5d14152cd98d06342daab3"
"WarFriends.ResourceCompatibility.FirstPass","Google2u.PlayerBotDiffcultiesRow","assembly-local dependency","Client/ExportedProject/Assets/Scripts/ResourceCompatibility.FirstPass/Google2u/PlayerBotDiffcultiesRow.cs","a9c848fbaa0d9a0e26aa470812193f3b"
"WarFriends.ResourceCompatibility.FirstPass","Google2u.PlayerVisuals","assembly-local dependency","Client/ExportedProject/Assets/Scripts/ResourceCompatibility.FirstPass/Google2u/PlayerVisuals.cs","8e21e4b73ee4fe65908532b8efa1f7d2"
"WarFriends.ResourceCompatibility.FirstPass","Google2u.PlayerVisualsRarities","assembly-local dependency","Client/ExportedProject/Assets/Scripts/ResourceCompatibility.FirstPass/Google2u/PlayerVisualsRarities.cs","d29e6f4af6aa30cb6ca09d1f5504a2ca"
"WarFriends.ResourceCompatibility.FirstPass","Google2u.PlayerVisualsRaritiesRow","assembly-local dependency","Client/ExportedProject/Assets/Scripts/ResourceCompatibility.FirstPass/Google2u/PlayerVisualsRaritiesRow.cs","79c73efa65188b45e294580150b1c5ae"
"WarFriends.ResourceCompatibility.FirstPass","Google2u.PlayerVisualsRow","assembly-local dependency","Client/ExportedProject/Assets/Scripts/ResourceCompatibility.FirstPass/Google2u/PlayerVisualsRow.cs","d05b1451b39ad4e699a9f57b240a0418"
"WarFriends.ResourceCompatibility.FirstPass","Google2u.PrestigeRow","assembly-local dependency","Client/ExportedProject/Assets/Scripts/ResourceCompatibility.FirstPass/Google2u/PrestigeRow.cs","29c2b87f4e8e9f4e3d0d5eda8c0f2d0a"
"WarFriends.ResourceCompatibility.FirstPass","Google2u.PulseRifle_Grade1BMRow","assembly-local dependency","Client/ExportedProject/Assets/Scripts/ResourceCompatibility.FirstPass/Google2u/PulseRifle_Grade1BMRow.cs","7bdc91d173b431a6279c218e6ff88c4d"
"WarFriends.ResourceCompatibility.FirstPass","Google2u.PulseRifle_Grade1Row","assembly-local dependency","Client/ExportedProject/Assets/Scripts/ResourceCompatibility.FirstPass/Google2u/PulseRifle_Grade1Row.cs","f8672e64b1d14afb2ddaae597616b157"
"WarFriends.ResourceCompatibility.FirstPass","Google2u.PulseRifle_Grade2BMRow","assembly-local dependency","Client/ExportedProject/Assets/Scripts/ResourceCompatibility.FirstPass/Google2u/PulseRifle_Grade2BMRow.cs","82e79d4efc94ead232e9d37d58920296"
"WarFriends.ResourceCompatibility.FirstPass","Google2u.PulseRifle_Grade2Row","assembly-local dependency","Client/ExportedProject/Assets/Scripts/ResourceCompatibility.FirstPass/Google2u/PulseRifle_Grade2Row.cs","c0c3d7a21c4eb426b145446d5a2456ee"
"WarFriends.ResourceCompatibility.FirstPass","Google2u.PulseRifle_Grade3BMRow","assembly-local dependency","Client/ExportedProject/Assets/Scripts/ResourceCompatibility.FirstPass/Google2u/PulseRifle_Grade3BMRow.cs","224dd9e454d28ba588482ef78b0ef33f"
"WarFriends.ResourceCompatibility.FirstPass","Google2u.PulseRifle_Grade3Row","assembly-local dependency","Client/ExportedProject/Assets/Scripts/ResourceCompatibility.FirstPass/Google2u/PulseRifle_Grade3Row.cs","0a42753d01eda3f4f75a241cad76bb76"
"WarFriends.ResourceCompatibility.FirstPass","Google2u.PulseRifle_Grade4BMRow","assembly-local dependency","Client/ExportedProject/Assets/Scripts/ResourceCompatibility.FirstPass/Google2u/PulseRifle_Grade4BMRow.cs","5878138ba1891033f6f5450a27fded0a"
"WarFriends.ResourceCompatibility.FirstPass","Google2u.PulseRifle_Grade4Row","assembly-local dependency","Client/ExportedProject/Assets/Scripts/ResourceCompatibility.FirstPass/Google2u/PulseRifle_Grade4Row.cs","31f32a6dac72f16f744dca8f955102cf"
"WarFriends.ResourceCompatibility.FirstPass","Google2u.PulseRifle_Grade5BMRow","assembly-local dependency","Client/ExportedProject/Assets/Scripts/ResourceCompatibility.FirstPass/Google2u/PulseRifle_Grade5BMRow.cs","ae18faa11113fc5725eb7c44f3aab2e3"
"WarFriends.ResourceCompatibility.FirstPass","Google2u.PulseRifle_Grade5Row","assembly-local dependency","Client/ExportedProject/Assets/Scripts/ResourceCompatibility.FirstPass/Google2u/PulseRifle_Grade5Row.cs","6671a5a5837fa686ca40e29ce488b650"
"WarFriends.ResourceCompatibility.FirstPass","Google2u.PulseRifle_Grade6BMRow","assembly-local dependency","Client/ExportedProject/Assets/Scripts/ResourceCompatibility.FirstPass/Google2u/PulseRifle_Grade6BMRow.cs","7f49031cd7374d3e4d6dc43a463a0111"
"WarFriends.ResourceCompatibility.FirstPass","Google2u.PulseRifle_Grade6Row","assembly-local dependency","Client/ExportedProject/Assets/Scripts/ResourceCompatibility.FirstPass/Google2u/PulseRifle_Grade6Row.cs","4b555a511f3a13b487105f3235a8387a"
"WarFriends.ResourceCompatibility.FirstPass","Google2u.PulseRifle_Grade7BMRow","assembly-local dependency","Client/ExportedProject/Assets/Scripts/ResourceCompatibility.FirstPass/Google2u/PulseRifle_Grade7BMRow.cs","3f94e1ece5869b30b647209818f4a615"
"WarFriends.ResourceCompatibility.FirstPass","Google2u.PulseRifle_Grade7Row","assembly-local dependency","Client/ExportedProject/Assets/Scripts/ResourceCompatibility.FirstPass/Google2u/PulseRifle_Grade7Row.cs","3d9792364969c066553222522ada3909"
"WarFriends.ResourceCompatibility.FirstPass","Google2u.PulseRifle_Grade8BMRow","assembly-local dependency","Client/ExportedProject/Assets/Scripts/ResourceCompatibility.FirstPass/Google2u/PulseRifle_Grade8BMRow.cs","577f64fa693197e13c11f82178edca47"
"WarFriends.ResourceCompatibility.FirstPass","Google2u.PulseRifle_Grade8Row","assembly-local dependency","Client/ExportedProject/Assets/Scripts/ResourceCompatibility.FirstPass/Google2u/PulseRifle_Grade8Row.cs","eec197b6601e90c7b89483a57187deab"
"WarFriends.ResourceCompatibility.FirstPass","Google2u.PulseRifle_PR9BMRow","assembly-local dependency","Client/ExportedProject/Assets/Scripts/ResourceCompatibility.FirstPass/Google2u/PulseRifle_PR9BMRow.cs","de6ba1d2699b6e7397e16f0ab65ecd33"
"WarFriends.ResourceCompatibility.FirstPass","Google2u.PulseRifle_PR9Row","assembly-local dependency","Client/ExportedProject/Assets/Scripts/ResourceCompatibility.FirstPass/Google2u/PulseRifle_PR9Row.cs","437f5ac0a3b8fa1e3cb7f5ef85d207c4"
"WarFriends.ResourceCompatibility.FirstPass","Google2u.ShieldsRow","assembly-local dependency","Client/ExportedProject/Assets/Scripts/ResourceCompatibility.FirstPass/Google2u/ShieldsRow.cs","028e5fbe47d5829275f9ac72c3faee9f"
"WarFriends.ResourceCompatibility.FirstPass","Google2u.Shotgun_DP12BMRow","assembly-local dependency","Client/ExportedProject/Assets/Scripts/ResourceCompatibility.FirstPass/Google2u/Shotgun_DP12BMRow.cs","1c94b13809c681a637bf5f9dcd7a4902"
"WarFriends.ResourceCompatibility.FirstPass","Google2u.Shotgun_DP12EliteRow","assembly-local dependency","Client/ExportedProject/Assets/Scripts/ResourceCompatibility.FirstPass/Google2u/Shotgun_DP12EliteRow.cs","6765f1bad7a485b169fe0e6793d50cfa"
"WarFriends.ResourceCompatibility.FirstPass","Google2u.Shotgun_DP12Row","assembly-local dependency","Client/ExportedProject/Assets/Scripts/ResourceCompatibility.FirstPass/Google2u/Shotgun_DP12Row.cs","fdf6912f3186ee2eca998bb0723c0c83"
"WarFriends.ResourceCompatibility.FirstPass","Google2u.Shotgun_SGT8BMRow","assembly-local dependency","Client/ExportedProject/Assets/Scripts/ResourceCompatibility.FirstPass/Google2u/Shotgun_SGT8BMRow.cs","b7a1bfca8c840837562d2c5ae9842c93"
"WarFriends.ResourceCompatibility.FirstPass","Google2u.Shotgun_SGT8Row","assembly-local dependency","Client/ExportedProject/Assets/Scripts/ResourceCompatibility.FirstPass/Google2u/Shotgun_SGT8Row.cs","e6816f5d1eb4de08165485f1bfc44bb8"
"WarFriends.ResourceCompatibility.FirstPass","Google2u.Shotgun_SGT9BMRow","assembly-local dependency","Client/ExportedProject/Assets/Scripts/ResourceCompatibility.FirstPass/Google2u/Shotgun_SGT9BMRow.cs","f7f7c7cf1e0b03f44135f319ca865567"
"WarFriends.ResourceCompatibility.FirstPass","Google2u.Shotgun_SGT9Row","assembly-local dependency","Client/ExportedProject/Assets/Scripts/ResourceCompatibility.FirstPass/Google2u/Shotgun_SGT9Row.cs","bcea9bd0aa2a995f7923d9d7f10a5fcb"
"WarFriends.ResourceCompatibility.FirstPass","Google2u.SMG_Apollo_eliteRow","assembly-local dependency","Client/ExportedProject/Assets/Scripts/ResourceCompatibility.FirstPass/Google2u/SMG_Apollo_eliteRow.cs","9731aa73a69478b224f2ab43df670484"
"WarFriends.ResourceCompatibility.FirstPass","Google2u.SMG_ApolloBMRow","assembly-local dependency","Client/ExportedProject/Assets/Scripts/ResourceCompatibility.FirstPass/Google2u/SMG_ApolloBMRow.cs","47b817f800a18cedd01b59f890507b31"
"WarFriends.ResourceCompatibility.FirstPass","Google2u.SMG_ApolloRow","assembly-local dependency","Client/ExportedProject/Assets/Scripts/ResourceCompatibility.FirstPass/Google2u/SMG_ApolloRow.cs","ad96cf53cff8dd58ec01c5ffc8ebdb6e"
"WarFriends.ResourceCompatibility.FirstPass","Google2u.SMG_ST8BMRow","assembly-local dependency","Client/ExportedProject/Assets/Scripts/ResourceCompatibility.FirstPass/Google2u/SMG_ST8BMRow.cs","bbe39acf9ab3cc785526b29d96b872a4"
"WarFriends.ResourceCompatibility.FirstPass","Google2u.SMG_ST8Row","assembly-local dependency","Client/ExportedProject/Assets/Scripts/ResourceCompatibility.FirstPass/Google2u/SMG_ST8Row.cs","d78f0bccbf17cbbcba59099e43142827"
"WarFriends.ResourceCompatibility.FirstPass","Google2u.SMG_ST9BMRow","assembly-local dependency","Client/ExportedProject/Assets/Scripts/ResourceCompatibility.FirstPass/Google2u/SMG_ST9BMRow.cs","8e94f4d153f51b3ed1d4289b8e111dfb"
"WarFriends.ResourceCompatibility.FirstPass","Google2u.SMG_ST9Row","assembly-local dependency","Client/ExportedProject/Assets/Scripts/ResourceCompatibility.FirstPass/Google2u/SMG_ST9Row.cs","03fd7fb12b6f8533027835d54cdeb1ca"
"WarFriends.ResourceCompatibility.FirstPass","Google2u.SniperRifle_3EyesBMRow","assembly-local dependency","Client/ExportedProject/Assets/Scripts/ResourceCompatibility.FirstPass/Google2u/SniperRifle_3EyesBMRow.cs","58a2f9530b98016ae0683e2ab2fe0d78"
"WarFriends.ResourceCompatibility.FirstPass","Google2u.SniperRifle_3EyesEliteRow","assembly-local dependency","Client/ExportedProject/Assets/Scripts/ResourceCompatibility.FirstPass/Google2u/SniperRifle_3EyesEliteRow.cs","f199bf6e54f9f689e2c04474eb6e3ac9"
"WarFriends.ResourceCompatibility.FirstPass","Google2u.SniperRifle_3EyesRow","assembly-local dependency","Client/ExportedProject/Assets/Scripts/ResourceCompatibility.FirstPass/Google2u/SniperRifle_3EyesRow.cs","98473e25088e41b980a1388e87951277"
"WarFriends.ResourceCompatibility.FirstPass","Google2u.SniperRifle_SRT8BMRow","assembly-local dependency","Client/ExportedProject/Assets/Scripts/ResourceCompatibility.FirstPass/Google2u/SniperRifle_SRT8BMRow.cs","931212b97dd954ab026e3784fcfa56a4"
"WarFriends.ResourceCompatibility.FirstPass","Google2u.SniperRifle_SRT8Row","assembly-local dependency","Client/ExportedProject/Assets/Scripts/ResourceCompatibility.FirstPass/Google2u/SniperRifle_SRT8Row.cs","b6d1bc8054bd16119bd2852653205a97"
"WarFriends.ResourceCompatibility.FirstPass","Google2u.SniperRifle_SRT9BMRow","assembly-local dependency","Client/ExportedProject/Assets/Scripts/ResourceCompatibility.FirstPass/Google2u/SniperRifle_SRT9BMRow.cs","d4d27fd600010907f73814a99cbfe631"
"WarFriends.ResourceCompatibility.FirstPass","Google2u.SniperRifle_SRT9Row","assembly-local dependency","Client/ExportedProject/Assets/Scripts/ResourceCompatibility.FirstPass/Google2u/SniperRifle_SRT9Row.cs","abeadf75e07147f945230afc2d42a555"
"WarFriends.ResourceCompatibility.FirstPass","Google2u.SpecialOperationsRow","assembly-local dependency","Client/ExportedProject/Assets/Scripts/ResourceCompatibility.FirstPass/Google2u/SpecialOperationsRow.cs","acee45fdf4705af75702e0a2ee2482a7"
"WarFriends.ResourceCompatibility.FirstPass","Google2u.SquadWarsRewardV2Row","assembly-local dependency","Client/ExportedProject/Assets/Scripts/ResourceCompatibility.FirstPass/Google2u/SquadWarsRewardV2Row.cs","9cf7275937233f27167ba4471762dc9a"
"WarFriends.ResourceCompatibility.FirstPass","Google2u.SuperchargedUnitEffectsRow","assembly-local dependency","Client/ExportedProject/Assets/Scripts/ResourceCompatibility.FirstPass/Google2u/SuperchargedUnitEffectsRow.cs","5f2c957588378f53b4dc462e3ffd11f7"
"WarFriends.ResourceCompatibility.FirstPass","Google2u.SuperSquadQualPointsRow","assembly-local dependency","Client/ExportedProject/Assets/Scripts/ResourceCompatibility.FirstPass/Google2u/SuperSquadQualPointsRow.cs","122a5ced5dca2553125e58db7c103715"
"WarFriends.ResourceCompatibility.FirstPass","Google2u.WarArenaParameters","assembly-local dependency","Client/ExportedProject/Assets/Scripts/ResourceCompatibility.FirstPass/Google2u/WarArenaParameters.cs","2c3f3af0d59ded730552358c0be08f26"
"WarFriends.ResourceCompatibility.FirstPass","Google2u.WarArenaParametersRow","assembly-local dependency","Client/ExportedProject/Assets/Scripts/ResourceCompatibility.FirstPass/Google2u/WarArenaParametersRow.cs","ff83c419b6b27255cfa8cb5e675ff9a3"
"WarFriends.ResourceCompatibility.FirstPass","Google2u.WeaponAugEffectsRow","assembly-local dependency","Client/ExportedProject/Assets/Scripts/ResourceCompatibility.FirstPass/Google2u/WeaponAugEffectsRow.cs","c54435e6a5147a306eb10584d3291ea6"
"WarFriends.ResourceCompatibility.FirstPass","Google2u.WeaponAugLevelsRow","assembly-local dependency","Client/ExportedProject/Assets/Scripts/ResourceCompatibility.FirstPass/Google2u/WeaponAugLevelsRow.cs","94603b3e7b802292819d2752b35ad4c8"
"WarFriends.ResourceCompatibility.FirstPass","Google2u.WeaponAugStatBonusesRow","assembly-local dependency","Client/ExportedProject/Assets/Scripts/ResourceCompatibility.FirstPass/Google2u/WeaponAugStatBonusesRow.cs","588499fc2e0353b80394f4c075dfbd72"
"WarFriends.ResourceCompatibility.FirstPass","Google2u.WeaponAugValuesRow","assembly-local dependency","Client/ExportedProject/Assets/Scripts/ResourceCompatibility.FirstPass/Google2u/WeaponAugValuesRow.cs","515eb9154f4500d6a2c4aba2e264137d"
"WarFriends.ResourceCompatibility.FirstPass","Google2u.WeaponFeatures","assembly-local dependency","Client/ExportedProject/Assets/Scripts/ResourceCompatibility.FirstPass/Google2u/WeaponFeatures.cs","6f68563d24b89cd99fb533cf40f7c483"
"WarFriends.ResourceCompatibility.FirstPass","Google2u.WeaponFeaturesRow","assembly-local dependency","Client/ExportedProject/Assets/Scripts/ResourceCompatibility.FirstPass/Google2u/WeaponFeaturesRow.cs","f0db05ea117f630998a9cff0656ff456"
"WarFriends.ResourceCompatibility.FirstPass","Google2u.WeaponUpgrades","assembly-local dependency","Client/ExportedProject/Assets/Scripts/ResourceCompatibility.FirstPass/Google2u/WeaponUpgrades.cs","24cb393f8747e52e55eb0e106eed24e9"
"WarFriends.ResourceCompatibility.FirstPass","Google2u.WeaponUpgradesRow","assembly-local dependency","Client/ExportedProject/Assets/Scripts/ResourceCompatibility.FirstPass/Google2u/WeaponUpgradesRow.cs","5cc3bc9de10c261a39a0d945de8ec8f7"
"WarFriends.ResourceCompatibility.FirstPass","IgnoreTimeScale","assembly-local dependency","Client/ExportedProject/Assets/Scripts/ResourceCompatibility.FirstPass/IgnoreTimeScale.cs","a2ad70e7db3de9b7d62328ba747ec66c"
"WarFriends.ResourceCompatibility.FirstPass","IOnConnectedToMasterSubscriber","assembly-local dependency","Client/ExportedProject/Assets/Scripts/ResourceCompatibility.FirstPass/IOnConnectedToMasterSubscriber.cs","05acfdddc1c66deec5c4934bc048fbdc"
"WarFriends.ResourceCompatibility.FirstPass","IOnConnectedToPhotonSubscriber","assembly-local dependency","Client/ExportedProject/Assets/Scripts/ResourceCompatibility.FirstPass/IOnConnectedToPhotonSubscriber.cs","1ba521bcb99d638dd72ce1595003d296"
"WarFriends.ResourceCompatibility.FirstPass","IOnConnectionFailSubscriber","assembly-local dependency","Client/ExportedProject/Assets/Scripts/ResourceCompatibility.FirstPass/IOnConnectionFailSubscriber.cs","952d17d190ab8dae157d4392718b7bdd"
"WarFriends.ResourceCompatibility.FirstPass","IOnCreatedRoomSubscriber","assembly-local dependency","Client/ExportedProject/Assets/Scripts/ResourceCompatibility.FirstPass/IOnCreatedRoomSubscriber.cs","410b969d0538548dd5ef253ac1dd1b0a"
"WarFriends.ResourceCompatibility.FirstPass","IOnCustomAuthenticationFailedSubscriber","assembly-local dependency","Client/ExportedProject/Assets/Scripts/ResourceCompatibility.FirstPass/IOnCustomAuthenticationFailedSubscriber.cs","bb29f119c4be44dba4050c5c64d1d592"
"WarFriends.ResourceCompatibility.FirstPass","IOnDisconnectedFromPhotonSubscriber","assembly-local dependency","Client/ExportedProject/Assets/Scripts/ResourceCompatibility.FirstPass/IOnDisconnectedFromPhotonSubscriber.cs","7ad1fa813604e5cc356b58668cd8eea2"
"WarFriends.ResourceCompatibility.FirstPass","IOnJoinedLobbySubscriber","assembly-local dependency","Client/ExportedProject/Assets/Scripts/ResourceCompatibility.FirstPass/IOnJoinedLobbySubscriber.cs","61075b2f59c348d57194f4ad5d62248c"
"WarFriends.ResourceCompatibility.FirstPass","IOnJoinedRoomSubscriber","assembly-local dependency","Client/ExportedProject/Assets/Scripts/ResourceCompatibility.FirstPass/IOnJoinedRoomSubscriber.cs","47583b42ef07f85417e0bf2afa0fcb9d"
"WarFriends.ResourceCompatibility.FirstPass","IOnLeftRoomSubscriber","assembly-local dependency","Client/ExportedProject/Assets/Scripts/ResourceCompatibility.FirstPass/IOnLeftRoomSubscriber.cs","37c537a52d60d68d5e0afe0c53ef7e56"
"WarFriends.ResourceCompatibility.FirstPass","IOnPhotonCreateRoomFailedSubscriber","assembly-local dependency","Client/ExportedProject/Assets/Scripts/ResourceCompatibility.FirstPass/IOnPhotonCreateRoomFailedSubscriber.cs","43c14c76f30e67c073f7d233ba4e4015"
"WarFriends.ResourceCompatibility.FirstPass","IOnPhotonCustomRoomPropertiesChangedSubscriber","assembly-local dependency","Client/ExportedProject/Assets/Scripts/ResourceCompatibility.FirstPass/IOnPhotonCustomRoomPropertiesChangedSubscriber.cs","2d9f301643a709b2a3012ff83c02f4f2"
"WarFriends.ResourceCompatibility.FirstPass","IOnPhotonJoinRoomFailedSubscriber","assembly-local dependency","Client/ExportedProject/Assets/Scripts/ResourceCompatibility.FirstPass/IOnPhotonJoinRoomFailedSubscriber.cs","d3167491a2969e99a9c655608637fe81"
"WarFriends.ResourceCompatibility.FirstPass","IOnPhotonPlayerConnectedSubscriber","assembly-local dependency","Client/ExportedProject/Assets/Scripts/ResourceCompatibility.FirstPass/IOnPhotonPlayerConnectedSubscriber.cs","c802850ead1228a78ce5b7ca98c95211"
"WarFriends.ResourceCompatibility.FirstPass","IOnPhotonPlayerDisconnectedSubscriber","assembly-local dependency","Client/ExportedProject/Assets/Scripts/ResourceCompatibility.FirstPass/IOnPhotonPlayerDisconnectedSubscriber.cs","23d3e99732a42c3c3bfc766d1d2dc481"
"WarFriends.ResourceCompatibility.FirstPass","IOnPhotonSerializeViewSubscriber","assembly-local dependency","Client/ExportedProject/Assets/Scripts/ResourceCompatibility.FirstPass/IOnPhotonSerializeViewSubscriber.cs","4ee6b8c39e703d8a24ca2dddcdbb8fe2"
"WarFriends.ResourceCompatibility.FirstPass","IPhotonEventSubscriber","assembly-local dependency","Client/ExportedProject/Assets/Scripts/ResourceCompatibility.FirstPass/IPhotonEventSubscriber.cs","9827c3db853dc7f751f4c56b69e5d399"
"WarFriends.ResourceCompatibility.FirstPass","myFilledSprite","assembly-local dependency","Client/ExportedProject/Assets/Scripts/ResourceCompatibility.FirstPass/myFilledSprite.cs","0ef3941ace9f0410c8daa469bf5435d2"
"WarFriends.ResourceCompatibility.FirstPass","OnSerializeRigidBody","assembly-local dependency","Client/ExportedProject/Assets/Scripts/ResourceCompatibility.FirstPass/OnSerializeRigidBody.cs","68a648d3cee56c5550af3ac38d7c3ab6"
"WarFriends.ResourceCompatibility.FirstPass","OnSerializeTransform","assembly-local dependency","Client/ExportedProject/Assets/Scripts/ResourceCompatibility.FirstPass/OnSerializeTransform.cs","4ea567d25f9d46c22ecbb688f3d7a085"
"WarFriends.ResourceCompatibility.FirstPass","Org.BouncyCastle.Asn1.Asn1Encodable","assembly-local dependency","Client/ExportedProject/Assets/Scripts/ResourceCompatibility.FirstPass/Org.BouncyCastle.Asn1/Asn1Encodable.cs","fee200f12ba00d4896f4e95b66a726f9"
"WarFriends.ResourceCompatibility.FirstPass","Org.BouncyCastle.Asn1.Asn1Object","assembly-local dependency","Client/ExportedProject/Assets/Scripts/ResourceCompatibility.FirstPass/Org.BouncyCastle.Asn1/Asn1Object.cs","f949eb8dd11adfadbfd79023966b4a81"
"WarFriends.ResourceCompatibility.FirstPass","Org.BouncyCastle.Asn1.Asn1OctetString","assembly-local dependency","Client/ExportedProject/Assets/Scripts/ResourceCompatibility.FirstPass/Org.BouncyCastle.Asn1/Asn1OctetString.cs","35ec1a495bf4a9d0df583c58811285c0"
"WarFriends.ResourceCompatibility.FirstPass","Org.BouncyCastle.Asn1.Asn1OctetStringParser","assembly-local dependency","Client/ExportedProject/Assets/Scripts/ResourceCompatibility.FirstPass/Org.BouncyCastle.Asn1/Asn1OctetStringParser.cs","406cd747310eb7a1368367026a571dd3"
"WarFriends.ResourceCompatibility.FirstPass","Org.BouncyCastle.Asn1.Asn1Sequence","assembly-local dependency","Client/ExportedProject/Assets/Scripts/ResourceCompatibility.FirstPass/Org.BouncyCastle.Asn1/Asn1Sequence.cs","1db6777c89a6eddd2223e1bf12af50e4"
"WarFriends.ResourceCompatibility.FirstPass","Org.BouncyCastle.Asn1.Asn1SequenceParser","assembly-local dependency","Client/ExportedProject/Assets/Scripts/ResourceCompatibility.FirstPass/Org.BouncyCastle.Asn1/Asn1SequenceParser.cs","14cdeb62efe85b2cca45226b5bd99c11"
"WarFriends.ResourceCompatibility.FirstPass","Org.BouncyCastle.Asn1.Asn1TaggedObject","assembly-local dependency","Client/ExportedProject/Assets/Scripts/ResourceCompatibility.FirstPass/Org.BouncyCastle.Asn1/Asn1TaggedObject.cs","e25deb16b08b61dcbd4c44c23dc90e98"
"WarFriends.ResourceCompatibility.FirstPass","Org.BouncyCastle.Asn1.Asn1TaggedObjectParser","assembly-local dependency","Client/ExportedProject/Assets/Scripts/ResourceCompatibility.FirstPass/Org.BouncyCastle.Asn1/Asn1TaggedObjectParser.cs","7231966bc03a024674a3375e5b43e49a"
"WarFriends.ResourceCompatibility.FirstPass","Org.BouncyCastle.Asn1.DerBitString","assembly-local dependency","Client/ExportedProject/Assets/Scripts/ResourceCompatibility.FirstPass/Org.BouncyCastle.Asn1/DerBitString.cs","2d8bd86eca2246142512f6bb860d38ff"
"WarFriends.ResourceCompatibility.FirstPass","Org.BouncyCastle.Asn1.DerBoolean","assembly-local dependency","Client/ExportedProject/Assets/Scripts/ResourceCompatibility.FirstPass/Org.BouncyCastle.Asn1/DerBoolean.cs","5f316ce5920592b33af01017bf36ebf5"
"WarFriends.ResourceCompatibility.FirstPass","Org.BouncyCastle.Asn1.DerInteger","assembly-local dependency","Client/ExportedProject/Assets/Scripts/ResourceCompatibility.FirstPass/Org.BouncyCastle.Asn1/DerInteger.cs","59cb42e27af37e45c3cbcd0fdc4c0fd8"
"WarFriends.ResourceCompatibility.FirstPass","Org.BouncyCastle.Asn1.DerObjectIdentifier","assembly-local dependency","Client/ExportedProject/Assets/Scripts/ResourceCompatibility.FirstPass/Org.BouncyCastle.Asn1/DerObjectIdentifier.cs","8184b3ba0732e0e21d315dba9a75cef3"
"WarFriends.ResourceCompatibility.FirstPass","Org.BouncyCastle.Asn1.DerOutputStream","assembly-local dependency","Client/ExportedProject/Assets/Scripts/ResourceCompatibility.FirstPass/Org.BouncyCastle.Asn1/DerOutputStream.cs","457169c0614903b9f4265ac54ad77612"
"WarFriends.ResourceCompatibility.FirstPass","Org.BouncyCastle.Asn1.DerStringBase","assembly-local dependency","Client/ExportedProject/Assets/Scripts/ResourceCompatibility.FirstPass/Org.BouncyCastle.Asn1/DerStringBase.cs","f78a3de565ed105a0d5783949c5bdaf2"
"WarFriends.ResourceCompatibility.FirstPass","Org.BouncyCastle.Asn1.IAsn1Choice","assembly-local dependency","Client/ExportedProject/Assets/Scripts/ResourceCompatibility.FirstPass/Org.BouncyCastle.Asn1/IAsn1Choice.cs","69041663646c1b82e07da4e29f5524b9"
"WarFriends.ResourceCompatibility.FirstPass","Org.BouncyCastle.Asn1.IAsn1Convertible","assembly-local dependency","Client/ExportedProject/Assets/Scripts/ResourceCompatibility.FirstPass/Org.BouncyCastle.Asn1/IAsn1Convertible.cs","39b77935d38f5cda46199ce8536a831d"
"WarFriends.ResourceCompatibility.FirstPass","Org.BouncyCastle.Asn1.IAsn1String","assembly-local dependency","Client/ExportedProject/Assets/Scripts/ResourceCompatibility.FirstPass/Org.BouncyCastle.Asn1/IAsn1String.cs","a0221abe85156b00b66c780f9a70d95c"
"WarFriends.ResourceCompatibility.FirstPass","Org.BouncyCastle.Asn1.Utilities.FilterStream","assembly-local dependency","Client/ExportedProject/Assets/Scripts/ResourceCompatibility.FirstPass/Org.BouncyCastle.Asn1.Utilities/FilterStream.cs","89543f36d89cbebe0136c9de54023069"
"WarFriends.ResourceCompatibility.FirstPass","Org.BouncyCastle.Asn1.X509.AlgorithmIdentifier","assembly-local dependency","Client/ExportedProject/Assets/Scripts/ResourceCompatibility.FirstPass/Org.BouncyCastle.Asn1.X509/AlgorithmIdentifier.cs","e92e054cd9ff8ba42d4ef604abb29690"
"WarFriends.ResourceCompatibility.FirstPass","Org.BouncyCastle.Asn1.X509.SubjectPublicKeyInfo","assembly-local dependency","Client/ExportedProject/Assets/Scripts/ResourceCompatibility.FirstPass/Org.BouncyCastle.Asn1.X509/SubjectPublicKeyInfo.cs","d7e51e478852f2249ba9d522267e7d95"
"WarFriends.ResourceCompatibility.FirstPass","Org.BouncyCastle.Asn1.X509.TbsCertificateStructure","assembly-local dependency","Client/ExportedProject/Assets/Scripts/ResourceCompatibility.FirstPass/Org.BouncyCastle.Asn1.X509/TbsCertificateStructure.cs","0d5795d014ac611388a26ffe5283b671"
"WarFriends.ResourceCompatibility.FirstPass","Org.BouncyCastle.Asn1.X509.Time","assembly-local dependency","Client/ExportedProject/Assets/Scripts/ResourceCompatibility.FirstPass/Org.BouncyCastle.Asn1.X509/Time.cs","9bfeba215758ac6c6d5b688f8f365929"
"WarFriends.ResourceCompatibility.FirstPass","Org.BouncyCastle.Asn1.X509.X509CertificateStructure","assembly-local dependency","Client/ExportedProject/Assets/Scripts/ResourceCompatibility.FirstPass/Org.BouncyCastle.Asn1.X509/X509CertificateStructure.cs","65c061bdba1f59e662427e13934e44e0"
"WarFriends.ResourceCompatibility.FirstPass","Org.BouncyCastle.Asn1.X509.X509Extension","assembly-local dependency","Client/ExportedProject/Assets/Scripts/ResourceCompatibility.FirstPass/Org.BouncyCastle.Asn1.X509/X509Extension.cs","00fc01ff5282884eee35b92196fb784e"
"WarFriends.ResourceCompatibility.FirstPass","Org.BouncyCastle.Asn1.X509.X509Extensions","assembly-local dependency","Client/ExportedProject/Assets/Scripts/ResourceCompatibility.FirstPass/Org.BouncyCastle.Asn1.X509/X509Extensions.cs","ae69693b638d338c550afe6d80c2ce18"
"WarFriends.ResourceCompatibility.FirstPass","Org.BouncyCastle.Asn1.X509.X509Name","assembly-local dependency","Client/ExportedProject/Assets/Scripts/ResourceCompatibility.FirstPass/Org.BouncyCastle.Asn1.X509/X509Name.cs","ad323083949310fb91aa8ecf5bea1343"
"WarFriends.ResourceCompatibility.FirstPass","Org.BouncyCastle.Asn1.X509.X509NameEntryConverter","assembly-local dependency","Client/ExportedProject/Assets/Scripts/ResourceCompatibility.FirstPass/Org.BouncyCastle.Asn1.X509/X509NameEntryConverter.cs","d8e85482c824f7dec8b084308a307255"
"WarFriends.ResourceCompatibility.FirstPass","Org.BouncyCastle.Crypto.IDigest","assembly-local dependency","Client/ExportedProject/Assets/Scripts/ResourceCompatibility.FirstPass/Org.BouncyCastle.Crypto/IDigest.cs","4f0d31c405760f2468f840728a2eee75"
"WarFriends.ResourceCompatibility.FirstPass","Org.BouncyCastle.Crypto.Prng.DigestRandomGenerator","assembly-local dependency","Client/ExportedProject/Assets/Scripts/ResourceCompatibility.FirstPass/Org.BouncyCastle.Crypto.Prng/DigestRandomGenerator.cs","b13555e498f5c412acf48d311f1ca003"
"WarFriends.ResourceCompatibility.FirstPass","Org.BouncyCastle.Crypto.Prng.IRandomGenerator","assembly-local dependency","Client/ExportedProject/Assets/Scripts/ResourceCompatibility.FirstPass/Org.BouncyCastle.Crypto.Prng/IRandomGenerator.cs","de2f22fe66874f1c95ecdbc03f45f807"
"WarFriends.ResourceCompatibility.FirstPass","Org.BouncyCastle.Crypto.Tls.Certificate","assembly-local dependency","Client/ExportedProject/Assets/Scripts/ResourceCompatibility.FirstPass/Org.BouncyCastle.Crypto.Tls/Certificate.cs","722d67fe8bbd2830c710a65850505311"
"WarFriends.ResourceCompatibility.FirstPass","Org.BouncyCastle.Crypto.Tls.CertificateRequest","assembly-local dependency","Client/ExportedProject/Assets/Scripts/ResourceCompatibility.FirstPass/Org.BouncyCastle.Crypto.Tls/CertificateRequest.cs","6e98ca4f33a9d236e418222c6a348dd5"
"WarFriends.ResourceCompatibility.FirstPass","Org.BouncyCastle.Crypto.Tls.ICertificateVerifyer","assembly-local dependency","Client/ExportedProject/Assets/Scripts/ResourceCompatibility.FirstPass/Org.BouncyCastle.Crypto.Tls/ICertificateVerifyer.cs","baccc5811de153304ce626f6cb9ce3ec"
"WarFriends.ResourceCompatibility.FirstPass","Org.BouncyCastle.Crypto.Tls.IClientCredentialsProvider","assembly-local dependency","Client/ExportedProject/Assets/Scripts/ResourceCompatibility.FirstPass/Org.BouncyCastle.Crypto.Tls/IClientCredentialsProvider.cs","a3ce2c8345e98121521e130dddcf5f58"
"WarFriends.ResourceCompatibility.FirstPass","Org.BouncyCastle.Crypto.Tls.ProtocolVersion","assembly-local dependency","Client/ExportedProject/Assets/Scripts/ResourceCompatibility.FirstPass/Org.BouncyCastle.Crypto.Tls/ProtocolVersion.cs","3530f737dff28dd9a9ba90f2a0dc567f"
"WarFriends.ResourceCompatibility.FirstPass","Org.BouncyCastle.Crypto.Tls.SecurityParameters","assembly-local dependency","Client/ExportedProject/Assets/Scripts/ResourceCompatibility.FirstPass/Org.BouncyCastle.Crypto.Tls/SecurityParameters.cs","6bc0eea48247aee266600b24f1bc3c7a"
"WarFriends.ResourceCompatibility.FirstPass","Org.BouncyCastle.Crypto.Tls.SessionParameters","assembly-local dependency","Client/ExportedProject/Assets/Scripts/ResourceCompatibility.FirstPass/Org.BouncyCastle.Crypto.Tls/SessionParameters.cs","1eda85cc58b95dd912f95300d47a33c5"
"WarFriends.ResourceCompatibility.FirstPass","Org.BouncyCastle.Crypto.Tls.TlsContext","assembly-local dependency","Client/ExportedProject/Assets/Scripts/ResourceCompatibility.FirstPass/Org.BouncyCastle.Crypto.Tls/TlsContext.cs","914aea5f3f30e9a462dee3ebf60ab714"
"WarFriends.ResourceCompatibility.FirstPass","Org.BouncyCastle.Crypto.Tls.TlsCredentials","assembly-local dependency","Client/ExportedProject/Assets/Scripts/ResourceCompatibility.FirstPass/Org.BouncyCastle.Crypto.Tls/TlsCredentials.cs","9205539ba86d6382e77875eb48797ce8"
"WarFriends.ResourceCompatibility.FirstPass","Org.BouncyCastle.Crypto.Tls.TlsSession","assembly-local dependency","Client/ExportedProject/Assets/Scripts/ResourceCompatibility.FirstPass/Org.BouncyCastle.Crypto.Tls/TlsSession.cs","0205c022cb33bcc618e315197955325a"
"WarFriends.ResourceCompatibility.FirstPass","Org.BouncyCastle.Math.BigInteger","assembly-local dependency","Client/ExportedProject/Assets/Scripts/ResourceCompatibility.FirstPass/Org.BouncyCastle.Math/BigInteger.cs","493d345e2f1c2200163f285ef0143cea"
"WarFriends.ResourceCompatibility.FirstPass","Org.BouncyCastle.Security.SecureRandom","assembly-local dependency","Client/ExportedProject/Assets/Scripts/ResourceCompatibility.FirstPass/Org.BouncyCastle.Security/SecureRandom.cs","ae25e2782e0e8db7afed8030b5d97059"
"WarFriends.ResourceCompatibility.FirstPass","OwnershipOption","assembly-local dependency","Client/ExportedProject/Assets/Scripts/ResourceCompatibility.FirstPass/OwnershipOption.cs","9d5b603f1266848a8e0162d3ce56ce99"
"WarFriends.ResourceCompatibility.FirstPass","Photon.MonoBehaviour","assembly-local dependency","Client/ExportedProject/Assets/Scripts/ResourceCompatibility.FirstPass/Photon/MonoBehaviour.cs","ebe975e98c1d5e3b73b84124e0045668"
"WarFriends.ResourceCompatibility.FirstPass","PhotonMessageInfo","assembly-local dependency","Client/ExportedProject/Assets/Scripts/ResourceCompatibility.FirstPass/PhotonMessageInfo.cs","17250c0ca7189f20447eb9e993df1bae"
"WarFriends.ResourceCompatibility.FirstPass","PhotonPlayer","assembly-local dependency","Client/ExportedProject/Assets/Scripts/ResourceCompatibility.FirstPass/PhotonPlayer.cs","50c22c702994f35dcee00781938f4ed3"
"WarFriends.ResourceCompatibility.FirstPass","PhotonStream","assembly-local dependency","Client/ExportedProject/Assets/Scripts/ResourceCompatibility.FirstPass/PhotonStream.cs","952a68c33350263f6943dab0d03b636a"
"WarFriends.ResourceCompatibility.FirstPass","PhotonTargets","assembly-local dependency","Client/ExportedProject/Assets/Scripts/ResourceCompatibility.FirstPass/PhotonTargets.cs","8a64cc09a4f197d2d55469b5b6412ef0"
"WarFriends.ResourceCompatibility.FirstPass","PhotonView","assembly-local dependency","Client/ExportedProject/Assets/Scripts/ResourceCompatibility.FirstPass/PhotonView.cs","e637bcc114722813dab9bddc2b1f6a72"
"WarFriends.ResourceCompatibility.FirstPass","PhysicsEventsListener","assembly-local dependency","Client/ExportedProject/Assets/Scripts/ResourceCompatibility.FirstPass/PhysicsEventsListener.cs","ee68dbe54175b3ec1e125d33d9dcdbd9"
"WarFriends.ResourceCompatibility.FirstPass","PunRPC","assembly-local dependency","Client/ExportedProject/Assets/Scripts/ResourceCompatibility.FirstPass/PunRPC.cs","ca79356f30cfebda69ca2512ed9b406e"
"WarFriends.ResourceCompatibility.FirstPass","QuickRope2","assembly-local dependency","Client/ExportedProject/Assets/Scripts/ResourceCompatibility.FirstPass/QuickRope2.cs","1f2b3f01bbd19b04758fc6d5b3a70cbd"
"WarFriends.ResourceCompatibility.FirstPass","RadicalRoutine","assembly-local dependency","Client/ExportedProject/Assets/Scripts/ResourceCompatibility.FirstPass/RadicalRoutine.cs","b385b75b60a507d579f942e471b4219e"
"WarFriends.ResourceCompatibility.FirstPass","RopeAttachedObject","assembly-local dependency","Client/ExportedProject/Assets/Scripts/ResourceCompatibility.FirstPass/RopeAttachedObject.cs","1aad85ffcdf851d2874432facb695541"
"WarFriends.ResourceCompatibility.FirstPass","RopeAttachmentJointType","assembly-local dependency","Client/ExportedProject/Assets/Scripts/ResourceCompatibility.FirstPass/RopeAttachmentJointType.cs","8033a8a4b527bfd69aa464dcb885d2f7"
"WarFriends.ResourceCompatibility.FirstPass","RopeColliderType","assembly-local dependency","Client/ExportedProject/Assets/Scripts/ResourceCompatibility.FirstPass/RopeColliderType.cs","ee845442f243a8fa0c2e0c8f24a1211b"
"WarFriends.ResourceCompatibility.FirstPass","RopeConstraint","assembly-local dependency","Client/ExportedProject/Assets/Scripts/ResourceCompatibility.FirstPass/RopeConstraint.cs","d8ebea2fe56f978e8ad298574de209e5"
"WarFriends.ResourceCompatibility.FirstPass","Singleton","assembly-local dependency","Client/ExportedProject/Assets/Scripts/ResourceCompatibility.FirstPass/Singleton.cs","37765942a194447c388a85cf97fbe49a"
"WarFriends.ResourceCompatibility.FirstPass","Singleton`1","assembly-local dependency","Client/ExportedProject/Assets/Scripts/ResourceCompatibility.FirstPass/Singleton.cs","8b9e18ebe30822dd3bc4c8724c71878a"
"WarFriends.ResourceCompatibility.FirstPass","SpringPanel","assembly-local dependency","Client/ExportedProject/Assets/Scripts/ResourceCompatibility.FirstPass/SpringPanel.cs","9b6d00b14b15d6f02d26c974faaf8524"
"WarFriends.ResourceCompatibility.FirstPass","TextMeshWithStroke","assembly-local dependency","Client/ExportedProject/Assets/Scripts/ResourceCompatibility.FirstPass/TextMeshWithStroke.cs","fb3b937ffc6a9cc396f2118b201ff131"
"WarFriends.ResourceCompatibility.FirstPass","Timer","assembly-local dependency","Client/ExportedProject/Assets/Scripts/ResourceCompatibility.FirstPass/Timer.cs","a039b4103d91c103107d7358c58cd85a"
"WarFriends.ResourceCompatibility.FirstPass","TimeScaleIgnorable","assembly-local dependency","Client/ExportedProject/Assets/Scripts/ResourceCompatibility.FirstPass/TimeScaleIgnorable.cs","ac1b103c608553f9d6ae226ea852c76b"
"WarFriends.ResourceCompatibility.FirstPass","TimeTweener","assembly-local dependency","Client/ExportedProject/Assets/Scripts/ResourceCompatibility.FirstPass/TimeTweener.cs","36007fab632bb3c0f0707c2621556d21"
"WarFriends.ResourceCompatibility.FirstPass","tk2dBaseSprite","assembly-local dependency","Client/ExportedProject/Assets/Scripts/ResourceCompatibility.FirstPass/tk2dBaseSprite.cs","a1877dbea1bfd572555949adddadf8ac"
"WarFriends.ResourceCompatibility.FirstPass","tk2dCamera","assembly-local dependency","Client/ExportedProject/Assets/Scripts/ResourceCompatibility.FirstPass/tk2dCamera.cs","30b80958367d61ceb5e5fe271189c4b1"
"WarFriends.ResourceCompatibility.FirstPass","tk2dCameraResolutionOverride","assembly-local dependency","Client/ExportedProject/Assets/Scripts/ResourceCompatibility.FirstPass/tk2dCameraResolutionOverride.cs","1059b9aac65298555ebe0dd864b71c5f"
"WarFriends.ResourceCompatibility.FirstPass","tk2dCameraSettings","assembly-local dependency","Client/ExportedProject/Assets/Scripts/ResourceCompatibility.FirstPass/tk2dCameraSettings.cs","081fa26d7e244bf6a75954e6fb079ebe"
"WarFriends.ResourceCompatibility.FirstPass","tk2dFontChar","assembly-local dependency","Client/ExportedProject/Assets/Scripts/ResourceCompatibility.FirstPass/tk2dFontChar.cs","594065df49764e4541580f8282d5d809"
"WarFriends.ResourceCompatibility.FirstPass","tk2dFontData","assembly-local dependency","Client/ExportedProject/Assets/Scripts/ResourceCompatibility.FirstPass/tk2dFontData.cs","9f0db988808942bf8da5c153751d12a0"
"WarFriends.ResourceCompatibility.FirstPass","tk2dFontKerning","assembly-local dependency","Client/ExportedProject/Assets/Scripts/ResourceCompatibility.FirstPass/tk2dFontKerning.cs","67288cdcf7d440df21408d5f636fc5c9"
"WarFriends.ResourceCompatibility.FirstPass","tk2dRuntime.ISpriteCollectionForceBuild","assembly-local dependency","Client/ExportedProject/Assets/Scripts/ResourceCompatibility.FirstPass/tk2dRuntime/ISpriteCollectionForceBuild.cs","8ea935753dbec4b6ea581619ecca63c6"
"WarFriends.ResourceCompatibility.FirstPass","tk2dSprite","assembly-local dependency","Client/ExportedProject/Assets/Scripts/ResourceCompatibility.FirstPass/tk2dSprite.cs","d42e196eb3fd55d6f210bc9d644eab61"
"WarFriends.ResourceCompatibility.FirstPass","tk2dSpriteCollectionData","assembly-local dependency","Client/ExportedProject/Assets/Scripts/ResourceCompatibility.FirstPass/tk2dSpriteCollectionData.cs","248c503c0d57026b45686c32dc2da45a"
"WarFriends.ResourceCompatibility.FirstPass","tk2dSpriteCollectionSize","assembly-local dependency","Client/ExportedProject/Assets/Scripts/ResourceCompatibility.FirstPass/tk2dSpriteCollectionSize.cs","5da4beb21cb7c8506d7b4397f9edd106"
"WarFriends.ResourceCompatibility.FirstPass","tk2dSpriteDefinition","assembly-local dependency","Client/ExportedProject/Assets/Scripts/ResourceCompatibility.FirstPass/tk2dSpriteDefinition.cs","64052cb9fdeeecc95837d43ed48732a9"
"WarFriends.ResourceCompatibility.FirstPass","tk2dTextMesh","assembly-local dependency","Client/ExportedProject/Assets/Scripts/ResourceCompatibility.FirstPass/tk2dTextMesh.cs","8b917f6c987a64c1604aaea8fb31eee5"
"WarFriends.ResourceCompatibility.FirstPass","tk2dTextMeshData","assembly-local dependency","Client/ExportedProject/Assets/Scripts/ResourceCompatibility.FirstPass/tk2dTextMeshData.cs","b40b45b15f384143195381fd78f75e7e"
"WarFriends.ResourceCompatibility.FirstPass","Tuple`2","assembly-local dependency","Client/ExportedProject/Assets/Scripts/ResourceCompatibility.FirstPass/Tuple.cs","9b5a16cf175cf05043f13e95d281e161"
"WarFriends.ResourceCompatibility.FirstPass","Tuple`3","assembly-local dependency","Client/ExportedProject/Assets/Scripts/ResourceCompatibility.FirstPass/Tuple.cs","9c4538305177e0977741fe4f58e5d38a"
"WarFriends.ResourceCompatibility.FirstPass","Tuple`4","assembly-local dependency","Client/ExportedProject/Assets/Scripts/ResourceCompatibility.FirstPass/Tuple.cs","6faa35709068f4ffb79537768512e7e8"
"WarFriends.ResourceCompatibility.FirstPass","TweenAlpha","assembly-local dependency","Client/ExportedProject/Assets/Scripts/ResourceCompatibility.FirstPass/TweenAlpha.cs","29c7ee0ebec8e1915528aa780359f49e"
"WarFriends.ResourceCompatibility.FirstPass","TweenAlphaTk2d","assembly-local dependency","Client/ExportedProject/Assets/Scripts/ResourceCompatibility.FirstPass/TweenAlphaTk2d.cs","8142bab28be25e34c28efa93c7eeabe4"
"WarFriends.ResourceCompatibility.FirstPass","TweenPosition","assembly-local dependency","Client/ExportedProject/Assets/Scripts/ResourceCompatibility.FirstPass/TweenPosition.cs","ca3efbd3cc731e9b4bd6db8e16a940b9"
"WarFriends.ResourceCompatibility.FirstPass","UIAnchor","assembly-local dependency","Client/ExportedProject/Assets/Scripts/ResourceCompatibility.FirstPass/UIAnchor.cs","d0500a6b02e2df3dd3415e02863514f8"
"WarFriends.ResourceCompatibility.FirstPass","UIAtlas","assembly-local dependency","Client/ExportedProject/Assets/Scripts/ResourceCompatibility.FirstPass/UIAtlas.cs","ac91e95e0b82e0fb6e6f67ae6dc9f7fa"
"WarFriends.ResourceCompatibility.FirstPass","UIButton","assembly-local dependency","Client/ExportedProject/Assets/Scripts/ResourceCompatibility.FirstPass/UIButton.cs","670c2157d85cfc89d798b5fad26e7b21"
"WarFriends.ResourceCompatibility.FirstPass","UIButtonColor","assembly-local dependency","Client/ExportedProject/Assets/Scripts/ResourceCompatibility.FirstPass/UIButtonColor.cs","7d84d768fdb741f09aa4d90ccfe55455"
"WarFriends.ResourceCompatibility.FirstPass","UIButtonScale","assembly-local dependency","Client/ExportedProject/Assets/Scripts/ResourceCompatibility.FirstPass/UIButtonScale.cs","4447e362446c31db9e53e8602d251de9"
"WarFriends.ResourceCompatibility.FirstPass","UIButtonSound","assembly-local dependency","Client/ExportedProject/Assets/Scripts/ResourceCompatibility.FirstPass/UIButtonSound.cs","bb514c6126478d9d7753aeeeab046b4a"
"WarFriends.ResourceCompatibility.FirstPass","UIDraggablePanel","assembly-local dependency","Client/ExportedProject/Assets/Scripts/ResourceCompatibility.FirstPass/UIDraggablePanel.cs","b109f055aaa50e982ed2a22418218b99"
"WarFriends.ResourceCompatibility.FirstPass","UIDrawCall","assembly-local dependency","Client/ExportedProject/Assets/Scripts/ResourceCompatibility.FirstPass/UIDrawCall.cs","19bb21c6ae9ee795a70bb75a3cf94b9f"
"WarFriends.ResourceCompatibility.FirstPass","UIFont","assembly-local dependency","Client/ExportedProject/Assets/Scripts/ResourceCompatibility.FirstPass/UIFont.cs","bfcc7fe9b8db19e5af56b768ef0d0010"
"WarFriends.ResourceCompatibility.FirstPass","UIGeometry","assembly-local dependency","Client/ExportedProject/Assets/Scripts/ResourceCompatibility.FirstPass/UIGeometry.cs","96050ea0807a7b82c6af2d6b230485a1"
"WarFriends.ResourceCompatibility.FirstPass","UIGrid","assembly-local dependency","Client/ExportedProject/Assets/Scripts/ResourceCompatibility.FirstPass/UIGrid.cs","a417d8c147c63a7347c91ed41daa6aaa"
"WarFriends.ResourceCompatibility.FirstPass","UIInput","assembly-local dependency","Client/ExportedProject/Assets/Scripts/ResourceCompatibility.FirstPass/UIInput.cs","aca6cbf661a22befced9f2f60ebcab72"
"WarFriends.ResourceCompatibility.FirstPass","UILabel","assembly-local dependency","Client/ExportedProject/Assets/Scripts/ResourceCompatibility.FirstPass/UILabel.cs","3d6e14d08bf0ed38e8af4cdb2739b4f4"
"WarFriends.ResourceCompatibility.FirstPass","UIPanel","assembly-local dependency","Client/ExportedProject/Assets/Scripts/ResourceCompatibility.FirstPass/UIPanel.cs","4b713b8d8c1af7a9d0b92d0db9db9e2d"
"WarFriends.ResourceCompatibility.FirstPass","UIPooledClassicTable","assembly-local dependency","Client/ExportedProject/Assets/Scripts/ResourceCompatibility.FirstPass/UIPooledClassicTable.cs","25d53935213dd91e1533fa5ee13cfd7e"
"WarFriends.ResourceCompatibility.FirstPass","UIPooledGrid","assembly-local dependency","Client/ExportedProject/Assets/Scripts/ResourceCompatibility.FirstPass/UIPooledGrid.cs","4a1748e01306589e8a5af2da327f8c12"
"WarFriends.ResourceCompatibility.FirstPass","UIRoot","assembly-local dependency","Client/ExportedProject/Assets/Scripts/ResourceCompatibility.FirstPass/UIRoot.cs","b2aa864704b03f5329bf453724a673c8"
"WarFriends.ResourceCompatibility.FirstPass","UIScrollBar","assembly-local dependency","Client/ExportedProject/Assets/Scripts/ResourceCompatibility.FirstPass/UIScrollBar.cs","365f8e4e0d85dcad118bc784b441ca0c"
"WarFriends.ResourceCompatibility.FirstPass","UISprite","assembly-local dependency","Client/ExportedProject/Assets/Scripts/ResourceCompatibility.FirstPass/UISprite.cs","b5954d2ccb857602bd3db18410e0c56b"
"WarFriends.ResourceCompatibility.FirstPass","UITable","assembly-local dependency","Client/ExportedProject/Assets/Scripts/ResourceCompatibility.FirstPass/UITable.cs","8dcc9a72426d5391b29f606e7341983d"
"WarFriends.ResourceCompatibility.FirstPass","UITexture","assembly-local dependency","Client/ExportedProject/Assets/Scripts/ResourceCompatibility.FirstPass/UITexture.cs","8942ff7769f14146b897f9b5a1a46d17"
"WarFriends.ResourceCompatibility.FirstPass","UITweener","assembly-local dependency","Client/ExportedProject/Assets/Scripts/ResourceCompatibility.FirstPass/UITweener.cs","2919ffb96d52c5ddbec73e3edb2a99fe"
"WarFriends.ResourceCompatibility.FirstPass","UIWidget","assembly-local dependency","Client/ExportedProject/Assets/Scripts/ResourceCompatibility.FirstPass/UIWidget.cs","ebf0e8c885e8c4ad49dda1f592cbfb23"
"WarFriends.ResourceCompatibility.FirstPass","ViewSynchronization","assembly-local dependency","Client/ExportedProject/Assets/Scripts/ResourceCompatibility.FirstPass/ViewSynchronization.cs","34ef6dd9e71343c53f205a0deabd3abc"
