"assembly","old_guid","old_file_id","full_name","source_path","source_guid","source_file_id"
"WarFriends.ResourceCompatibility","da3348191866a384b95001cc2c6d51b2","-2142498094","ShieldIcon","Client/ExportedProject/Assets/Scripts/ResourceCompatibility/ShieldIcon.cs","05952cb9822403d8dff0a7af4c0b87e8","11500000"
"WarFriends.ResourceCompatibility","da3348191866a384b95001cc2c6d51b2","-2137825101","InvasionTopDamagers","Client/ExportedProject/Assets/Scripts/ResourceCompatibility/InvasionTopDamagers.cs","6f94c4756474f2e55d2a2bf868c85d53","11500000"
"WarFriends.ResourceCompatibility","da3348191866a384b95001cc2c6d51b2","-2117632430","InvasionRewardDialog","Client/ExportedProject/Assets/Scripts/ResourceCompatibility/InvasionRewardDialog.cs","df9a863bac16b5cb3f9810b320f5b732","11500000"
"WarFriends.ResourceCompatibility","da3348191866a384b95001cc2c6d51b2","-2104293585","PlayerTwoModesWeapon","Client/ExportedProject/Assets/Scripts/ResourceCompatibility/PlayerTwoModesWeapon.cs","d6dfc8463ef03c5f5dbe7028b001fa15","11500000"
"WarFriends.ResourceCompatibility","da3348191866a384b95001cc2c6d51b2","-2078572179","AboutFun.Warfriends.Services.AugmentationHudIcon","Client/ExportedProject/Assets/Scripts/ResourceCompatibility/AboutFun.Warfriends.Services/AugmentationHudIcon.cs","d27bb80d0f60e54afe3268ddb2a65b18","11500000"
"WarFriends.ResourceCompatibility","da3348191866a384b95001cc2c6d51b2","-2064314498","LiquidFireArrow","Client/ExportedProject/Assets/Scripts/ResourceCompatibility/LiquidFireArrow.cs","fa01004a0107edf401cc3c826243884e","11500000"
"WarFriends.ResourceCompatibility","da3348191866a384b95001cc2c6d51b2","-2049964212","SpawnPointOrb","Client/ExportedProject/Assets/Scripts/ResourceCompatibility/SpawnPointOrb.cs","2b4b7a425f3c85ff6791422c5ae2af46","11500000"
"WarFriends.ResourceCompatibility","da3348191866a384b95001cc2c6d51b2","-2008304119","SelectFriendsFacebookTab","Client/ExportedProject/Assets/Scripts/ResourceCompatibility/SelectFriendsFacebookTab.cs","afffc0f243276f79a3b82c78722079fa","11500000"
"WarFriends.ResourceCompatibility","da3348191866a384b95001cc2c6d51b2","-1972386950","BattleCompareHint","Client/ExportedProject/Assets/Scripts/ResourceCompatibility/BattleCompareHint.cs","d883e53906116407ffba60469a9951de","11500000"
"WarFriends.ResourceCompatibility","da3348191866a384b95001cc2c6d51b2","-1964288583","Hammer","Client/ExportedProject/Assets/Scripts/ResourceCompatibility/Hammer.cs","43baada4cc237583dcc5226fea5f03be","11500000"
"WarFriends.ResourceCompatibility","da3348191866a384b95001cc2c6d51b2","-1963537537","RecruitRewardDialog","Client/ExportedProject/Assets/Scripts/ResourceCompatibility/RecruitRewardDialog.cs","9e06df32ccbe36da2114b84379142bae","11500000"
"WarFriends.ResourceCompatibility","da3348191866a384b95001cc2c6d51b2","-1948187800","RentalManager","Client/ExportedProject/Assets/Scripts/ResourceCompatibility/RentalManager.cs","d7347df6bb19d94c1a8d695668665254","11500000"
"WarFriends.ResourceCompatibility","da3348191866a384b95001cc2c6d51b2","-1933087129","SoldierBehaviourCrossbowSniper","Client/ExportedProject/Assets/Scripts/ResourceCompatibility/SoldierBehaviourCrossbowSniper.cs","faabb418d7505974941351faafaad3dc","11500000"
"WarFriends.ResourceCompatibility","da3348191866a384b95001cc2c6d51b2","-1917638538","UpgradeSlotsSurge","Client/ExportedProject/Assets/Scripts/ResourceCompatibility/UpgradeSlotsSurge.cs","7182bf5dd624c64dd63a0fdfe982e5a3","11500000"
"WarFriends.ResourceCompatibility","da3348191866a384b95001cc2c6d51b2","-1891411274","DivisionRepresentationV2","Client/ExportedProject/Assets/Scripts/ResourceCompatibility/DivisionRepresentationV2.cs","bd33d9d971b4e99a14073aac083c05c4","11500000"
"WarFriends.ResourceCompatibility","da3348191866a384b95001cc2c6d51b2","-1890474350","AppleSignInManager","Client/ExportedProject/Assets/Scripts/ResourceCompatibility/AppleSignInManager.cs","05978e0ad27f6f8225537548c49bfb66","11500000"
"WarFriends.ResourceCompatibility","da3348191866a384b95001cc2c6d51b2","-1888592252","WarArenaRuleSwitchWeaponOnKill","Client/ExportedProject/Assets/Scripts/ResourceCompatibility/WarArenaRuleSwitchWeaponOnKill.cs","9dae3fd840a2db8ba7f121dd226a31fd","11500000"
"WarFriends.ResourceCompatibility","da3348191866a384b95001cc2c6d51b2","-1859564359","StarterPacksDialog","Client/ExportedProject/Assets/Scripts/ResourceCompatibility/StarterPacksDialog.cs","ca258da7918989203de13d984cab25a1","11500000"
"WarFriends.ResourceCompatibility","da3348191866a384b95001cc2c6d51b2","-1831340138","ShieldsScreen","Client/ExportedProject/Assets/Scripts/ResourceCompatibility/ShieldsScreen.cs","3042721ac54c2694958ad81eb6d277e1","11500000"
"WarFriends.ResourceCompatibility","da3348191866a384b95001cc2c6d51b2","-1813479752","AboutFun.Warfriends.Services.AugmentationGuiElement","Client/ExportedProject/Assets/Scripts/ResourceCompatibility/AboutFun.Warfriends.Services/AugmentationGuiElement.cs","0be36913a50c9d8e83a94aa869f6446e","11500000"
"WarFriends.ResourceCompatibility","da3348191866a384b95001cc2c6d51b2","-1802202330","FlockController","Client/ExportedProject/Assets/Scripts/ResourceCompatibility/FlockController.cs","8b8af69777b1b61e37367b1b19acdaf5","11500000"
"WarFriends.ResourceCompatibility","da3348191866a384b95001cc2c6d51b2","-1792551644","SquadWarsContentV2","Client/ExportedProject/Assets/Scripts/ResourceCompatibility/SquadWarsContentV2.cs","f8eb639bf1fd5d31f505a61b26b202dd","11500000"
"WarFriends.ResourceCompatibility","da3348191866a384b95001cc2c6d51b2","-1782827078","AugmentationVisualIcon","Client/ExportedProject/Assets/Scripts/ResourceCompatibility/AugmentationVisualIcon.cs","8a32ff10b10799e4e83d9cfb04b73e33","11500000"
"WarFriends.ResourceCompatibility","da3348191866a384b95001cc2c6d51b2","-1759862329","HeaderSalePart","Client/ExportedProject/Assets/Scripts/ResourceCompatibility/HeaderSalePart.cs","cdb1f55f04e422608389c9b069c27480","11500000"
"WarFriends.ResourceCompatibility","da3348191866a384b95001cc2c6d51b2","-1758468978","SpiderBotAnimator","Client/ExportedProject/Assets/Scripts/ResourceCompatibility/SpiderBotAnimator.cs","4311202875ab02809c574d8dd0608bbd","11500000"
"WarFriends.ResourceCompatibility","da3348191866a384b95001cc2c6d51b2","-1755455229","BattleAugCrateManager","Client/ExportedProject/Assets/Scripts/ResourceCompatibility/BattleAugCrateManager.cs","31983a25aca949b0185abef3dd4c20f6","11500000"
"WarFriends.ResourceCompatibility","da3348191866a384b95001cc2c6d51b2","-1725096925","UpgradeSlotsRiko","Client/ExportedProject/Assets/Scripts/ResourceCompatibility/UpgradeSlotsRiko.cs","e651ab6392d8a318519dfc10d341bc1d","11500000"
"WarFriends.ResourceCompatibility","da3348191866a384b95001cc2c6d51b2","-1697566568","LinkButton","Client/ExportedProject/Assets/Scripts/ResourceCompatibility/LinkButton.cs","04b03db680a657f35268e653a423d9e8","11500000"
"WarFriends.ResourceCompatibility","da3348191866a384b95001cc2c6d51b2","-1668999818","WeaponAugFusionSlot","Client/ExportedProject/Assets/Scripts/ResourceCompatibility/WeaponAugFusionSlot.cs","cffb3fcb7918fdbd1aee6164bc427f89","11500000"
"WarFriends.ResourceCompatibility","da3348191866a384b95001cc2c6d51b2","-1638751254","ShieldRigInstance","Client/ExportedProject/Assets/Scripts/ResourceCompatibility/ShieldRigInstance.cs","695c916eb2c14331ab2cd00c7fcc48f8","11500000"
"WarFriends.ResourceCompatibility","da3348191866a384b95001cc2c6d51b2","-1608233071","LimitedOfferConfirmDialog","Client/ExportedProject/Assets/Scripts/ResourceCompatibility/LimitedOfferConfirmDialog.cs","1d77afc373b08bdfd7b8fc62644edcf4","11500000"
"WarFriends.ResourceCompatibility","da3348191866a384b95001cc2c6d51b2","-1605367743","InvasionEventLog","Client/ExportedProject/Assets/Scripts/ResourceCompatibility/InvasionEventLog.cs","6b0b49e4b32ce5f441f03cb52194c83b","11500000"
"WarFriends.ResourceCompatibility","da3348191866a384b95001cc2c6d51b2","-1604345662","InvasionRightContent","Client/ExportedProject/Assets/Scripts/ResourceCompatibility/InvasionRightContent.cs","0d0934c7243f4856f935235a8bb51039","11500000"
"WarFriends.ResourceCompatibility","da3348191866a384b95001cc2c6d51b2","-1602779031","Bow","Client/ExportedProject/Assets/Scripts/ResourceCompatibility/Bow.cs","a27b204cb03b65d63e5f62c9a251be17","11500000"
"WarFriends.ResourceCompatibility","da3348191866a384b95001cc2c6d51b2","-1565199644","TransitionNewPlayerDialog","Client/ExportedProject/Assets/Scripts/ResourceCompatibility/TransitionNewPlayerDialog.cs","5c412556121eab07832746fda9d01004","11500000"
"WarFriends.ResourceCompatibility","da3348191866a384b95001cc2c6d51b2","-1562928668","EquippedAugInfo","Client/ExportedProject/Assets/Scripts/ResourceCompatibility/EquippedAugInfo.cs","3d5960403ea1e078057ff40e121be205","11500000"
"WarFriends.ResourceCompatibility","da3348191866a384b95001cc2c6d51b2","-1561187591","PulseRifleBulletSetup","Client/ExportedProject/Assets/Scripts/ResourceCompatibility/PulseRifleBulletSetup.cs","ede124f4badc474f2e5be7b5080cbef1","11500000"
"WarFriends.ResourceCompatibility","da3348191866a384b95001cc2c6d51b2","-1544474994","SpiderlingBehaviour","Client/ExportedProject/Assets/Scripts/ResourceCompatibility/SpiderlingBehaviour.cs","af8b5b3c9a1cbcc8e131b7a574b464a8","11500000"
"WarFriends.ResourceCompatibility","da3348191866a384b95001cc2c6d51b2","-1532193321","GoldPiggyButtonRecord","Client/ExportedProject/Assets/Scripts/ResourceCompatibility/GoldPiggyButtonRecord.cs","51dde52034c35ab31a9132c3ee871a89","11500000"
"WarFriends.ResourceCompatibility","da3348191866a384b95001cc2c6d51b2","-1523769728","DropRateDoubleHintGuiElement","Client/ExportedProject/Assets/Scripts/ResourceCompatibility/DropRateDoubleHintGuiElement.cs","53eaeb73c6fda704d7709574d2c232fc","11500000"
"WarFriends.ResourceCompatibility","da3348191866a384b95001cc2c6d51b2","-1520567690","EqualSettingsSwitch","Client/ExportedProject/Assets/Scripts/ResourceCompatibility/EqualSettingsSwitch.cs","3d825afd5bc434ae6fdc41c7c6e7fdd2","11500000"
"WarFriends.ResourceCompatibility","da3348191866a384b95001cc2c6d51b2","-1508929643","InappCrates","Client/ExportedProject/Assets/Scripts/ResourceCompatibility/InappCrates.cs","1a5dcd969997bdf9cea1d4f7c1d20ca0","11500000"
"WarFriends.ResourceCompatibility","da3348191866a384b95001cc2c6d51b2","-1503670170","HeaderEventPart","Client/ExportedProject/Assets/Scripts/ResourceCompatibility/HeaderEventPart.cs","e666a65392f3f2c09ff0835d0f13c452","11500000"
"WarFriends.ResourceCompatibility","da3348191866a384b95001cc2c6d51b2","-1496469137","LocalNotifications.PlayerSegmentData","Client/ExportedProject/Assets/Scripts/ResourceCompatibility/LocalNotifications/PlayerSegmentData.cs","03ea0537d6c33f4c5014cdfa46eb6bf3","11500000"
"WarFriends.ResourceCompatibility","da3348191866a384b95001cc2c6d51b2","-1478943841","DeathMatchGuiCardProgressPosition","Client/ExportedProject/Assets/Scripts/ResourceCompatibility/DeathMatchGuiCardProgressPosition.cs","36dec34e0ad2c8a61e656cde8fdd133d","11500000"
"WarFriends.ResourceCompatibility","da3348191866a384b95001cc2c6d51b2","-1476251054","DailyRewardScreen","Client/ExportedProject/Assets/Scripts/ResourceCompatibility/DailyRewardScreen.cs","323267ada57c7a397fa71641ab533228","11500000"
"WarFriends.ResourceCompatibility","da3348191866a384b95001cc2c6d51b2","-1472652551","InvitationSummaryDialog","Client/ExportedProject/Assets/Scripts/ResourceCompatibility/InvitationSummaryDialog.cs","16b2b440412a7fc6f1ff2d6738f61d8b","11500000"
"WarFriends.ResourceCompatibility","da3348191866a384b95001cc2c6d51b2","-1466464630","InappLoyalty","Client/ExportedProject/Assets/Scripts/ResourceCompatibility/InappLoyalty.cs","a50c57252d62d1eb5e5adfdf55abee78","11500000"
"WarFriends.ResourceCompatibility","da3348191866a384b95001cc2c6d51b2","-1455208415","CrateButtonRecord","Client/ExportedProject/Assets/Scripts/ResourceCompatibility/CrateButtonRecord.cs","b9a870fd14f2841a9fc7f83350d55ba9","11500000"
"WarFriends.ResourceCompatibility","da3348191866a384b95001cc2c6d51b2","-1454553026","CreditsGUITwoLine","Client/ExportedProject/Assets/Scripts/ResourceCompatibility/CreditsGUITwoLine.cs","073de21d5ed513c6ce235fd6aa4cbd72","11500000"
"WarFriends.ResourceCompatibility","da3348191866a384b95001cc2c6d51b2","-1432416655","MiniStarterPackGuiRecord","Client/ExportedProject/Assets/Scripts/ResourceCompatibility/MiniStarterPackGuiRecord.cs","08a0f4183569dc150770e191fb836cb1","11500000"
"WarFriends.ResourceCompatibility","da3348191866a384b95001cc2c6d51b2","-1419229354","SpiderBotBehaviour","Client/ExportedProject/Assets/Scripts/ResourceCompatibility/SpiderBotBehaviour.cs","2363d2c81ec4d439cd1c38b29f349de5","11500000"
"WarFriends.ResourceCompatibility","da3348191866a384b95001cc2c6d51b2","-1419042961","BattleShareDialog","Client/ExportedProject/Assets/Scripts/ResourceCompatibility/BattleShareDialog.cs","81fcfeec7fdf71201fa93970cbd2d808","11500000"
"WarFriends.ResourceCompatibility","da3348191866a384b95001cc2c6d51b2","-1414331776","VTOLEngine","Client/ExportedProject/Assets/Scripts/ResourceCompatibility/VTOLEngine.cs","a62981b20230e47739a5d2acfe482738","11500000"
"WarFriends.ResourceCompatibility","da3348191866a384b95001cc2c6d51b2","-1366354453","SquadPlayerRecordV2","Client/ExportedProject/Assets/Scripts/ResourceCompatibility/SquadPlayerRecordV2.cs","f64b66496239a6a4a47009ffbf8f367b","11500000"
"WarFriends.ResourceCompatibility","da3348191866a384b95001cc2c6d51b2","-1360131969","ExplosiveArrowSetup","Client/ExportedProject/Assets/Scripts/ResourceCompatibility/ExplosiveArrowSetup.cs","be60a1482eaface344934eb3ae217014","11500000"
"WarFriends.ResourceCompatibility","da3348191866a384b95001cc2c6d51b2","-1357585250","DismantleWeaponAugDialog","Client/ExportedProject/Assets/Scripts/ResourceCompatibility/DismantleWeaponAugDialog.cs","852c59963760de3adbbf5e3ec30245b0","11500000"
"WarFriends.ResourceCompatibility","da3348191866a384b95001cc2c6d51b2","-1340529726","SettingsAugmentationPreset","Client/ExportedProject/Assets/Scripts/ResourceCompatibility/SettingsAugmentationPreset.cs","2f743cf180d8c82571b779dc85b5abc6","11500000"
"WarFriends.ResourceCompatibility","da3348191866a384b95001cc2c6d51b2","-1308634944","UpgradeSlotsSilverstrike","Client/ExportedProject/Assets/Scripts/ResourceCompatibility/UpgradeSlotsSilverstrike.cs","a4d73a1f7f2bc17a50dfc903c4d844d5","11500000"
"WarFriends.ResourceCompatibility","da3348191866a384b95001cc2c6d51b2","-1285685505","BlackmarketPurchaseConfirmDialog","Client/ExportedProject/Assets/Scripts/ResourceCompatibility/BlackmarketPurchaseConfirmDialog.cs","b8f5466c0d002955afe67c35cbbe04fc","11500000"
"WarFriends.ResourceCompatibility","da3348191866a384b95001cc2c6d51b2","-1277387130","WarArenaRuleRandomUnitPreset","Client/ExportedProject/Assets/Scripts/ResourceCompatibility/WarArenaRuleRandomUnitPreset.cs","20e144afac9c6cbc42bc442dda092e5b","11500000"
"WarFriends.ResourceCompatibility","da3348191866a384b95001cc2c6d51b2","-1276460307","SuperChargedUnitsDialog","Client/ExportedProject/Assets/Scripts/ResourceCompatibility/SuperChargedUnitsDialog.cs","80bfaf955e1a8cbe8f0d6ab864dfb16b","11500000"
"WarFriends.ResourceCompatibility","da3348191866a384b95001cc2c6d51b2","-1265497073","WarArenaRuleSpecificUnitCategory","Client/ExportedProject/Assets/Scripts/ResourceCompatibility/WarArenaRuleSpecificUnitCategory.cs","ecf3da564d69c898319cd10f48381f41","11500000"
"WarFriends.ResourceCompatibility","da3348191866a384b95001cc2c6d51b2","-1217487963","DailyRewardButton","Client/ExportedProject/Assets/Scripts/ResourceCompatibility/DailyRewardButton.cs","e98219426fbf25e63d53284b8ccc6237","11500000"
"WarFriends.ResourceCompatibility","da3348191866a384b95001cc2c6d51b2","-1207750818","PurchaseConfirmDialog","Client/ExportedProject/Assets/Scripts/ResourceCompatibility/PurchaseConfirmDialog.cs","c3ee252a5d98acbf0dd5b5da627c427d","11500000"
"WarFriends.ResourceCompatibility","da3348191866a384b95001cc2c6d51b2","-1207597944","BattleCompareArmyWeaponsPart","Client/ExportedProject/Assets/Scripts/ResourceCompatibility/BattleCompareArmyWeaponsPart.cs","82e042d4089eed1098a9e352e2fda7f6","11500000"
"WarFriends.ResourceCompatibility","da3348191866a384b95001cc2c6d51b2","-1207022105","SquadWarsRecordV2","Client/ExportedProject/Assets/Scripts/ResourceCompatibility/SquadWarsRecordV2.cs","a12eae4b0c840ac332330611e346e242","11500000"
"WarFriends.ResourceCompatibility","da3348191866a384b95001cc2c6d51b2","-1184922404","RecruitNoticeDialog","Client/ExportedProject/Assets/Scripts/ResourceCompatibility/RecruitNoticeDialog.cs","2a7d76366f2677c8f8105930b802a784","11500000"
"WarFriends.ResourceCompatibility","da3348191866a384b95001cc2c6d51b2","-1149394574","SoldierBehaviourSilverstrike","Client/ExportedProject/Assets/Scripts/ResourceCompatibility/SoldierBehaviourSilverstrike.cs","d5b54f8a5eaefe4413c083becd173cee","11500000"
"WarFriends.ResourceCompatibility","da3348191866a384b95001cc2c6d51b2","-1148116460","SubscriptionRenewDialog","Client/ExportedProject/Assets/Scripts/ResourceCompatibility/SubscriptionRenewDialog.cs","355f45709ddd410b205ab271ea706900","11500000"
"WarFriends.ResourceCompatibility","da3348191866a384b95001cc2c6d51b2","-1141287924","SpawnPointHeli","Client/ExportedProject/Assets/Scripts/ResourceCompatibility/SpawnPointHeli.cs","93bc5ee9a9ba7fc9cc3f15800b0aaf0b","11500000"
"WarFriends.ResourceCompatibility","da3348191866a384b95001cc2c6d51b2","-1123373693","BunkerGun","Client/ExportedProject/Assets/Scripts/ResourceCompatibility/BunkerGun.cs","0564c8f22e3588f680a437899bdb5cf6","11500000"
"WarFriends.ResourceCompatibility","da3348191866a384b95001cc2c6d51b2","-1122036144","BattleHistoryStats","Client/ExportedProject/Assets/Scripts/ResourceCompatibility/BattleHistoryStats.cs","00101af0c3bb24a3e61a34c9f590a898","11500000"
"WarFriends.ResourceCompatibility","da3348191866a384b95001cc2c6d51b2","-1061278001","ResultsOffer","Client/ExportedProject/Assets/Scripts/ResourceCompatibility/ResultsOffer.cs","1d19540cc8227c6869dd606f627ac17a","11500000"
"WarFriends.ResourceCompatibility","da3348191866a384b95001cc2c6d51b2","-1060544103","TutorialManagerWeaponAugs","Client/ExportedProject/Assets/Scripts/ResourceCompatibility/TutorialManagerWeaponAugs.cs","e94f7c08e97da05f8f2bc68ed94d1683","11500000"
"WarFriends.ResourceCompatibility","da3348191866a384b95001cc2c6d51b2","-1032809709","SuperChargedUnitRecord","Client/ExportedProject/Assets/Scripts/ResourceCompatibility/SuperChargedUnitRecord.cs","dde5f83508dd9c80eb0fc644dc8471b1","11500000"
"WarFriends.ResourceCompatibility","da3348191866a384b95001cc2c6d51b2","-1031223942","CompareMedalsRecord","Client/ExportedProject/Assets/Scripts/ResourceCompatibility/CompareMedalsRecord.cs","393d2f66fc0714042a2c22430b773b76","11500000"
"WarFriends.ResourceCompatibility","da3348191866a384b95001cc2c6d51b2","-976533545","ParticleAutoDestroy","Client/ExportedProject/Assets/Scripts/ResourceCompatibility/ParticleAutoDestroy.cs","54686d3fb8e1e0a1b99c2ee3c3c5c5be","11500000"
"WarFriends.ResourceCompatibility","da3348191866a384b95001cc2c6d51b2","-970399753","EliteFinisherManager","Client/ExportedProject/Assets/Scripts/ResourceCompatibility/EliteFinisherManager.cs","eb750015a76eed3e6f0c64bdb4f017d3","11500000"
"WarFriends.ResourceCompatibility","da3348191866a384b95001cc2c6d51b2","-965283874","HeaderPiggyPart","Client/ExportedProject/Assets/Scripts/ResourceCompatibility/HeaderPiggyPart.cs","f3d067cb626b3a1850eee619b205a1c1","11500000"
"WarFriends.ResourceCompatibility","da3348191866a384b95001cc2c6d51b2","-958141292","TournamentsManager","Client/ExportedProject/Assets/Scripts/ResourceCompatibility/TournamentsManager.cs","83d98846a2ce8a1f0842eaf7ac59d7b9","11500000"
"WarFriends.ResourceCompatibility","da3348191866a384b95001cc2c6d51b2","-955658552","ArenaDetectedCheaterDialog","Client/ExportedProject/Assets/Scripts/ResourceCompatibility/ArenaDetectedCheaterDialog.cs","47a2f71cf62fbaafef4f99edc3c4f89f","11500000"
"WarFriends.ResourceCompatibility","da3348191866a384b95001cc2c6d51b2","-917338979","AugmentationSlot","Client/ExportedProject/Assets/Scripts/ResourceCompatibility/AugmentationSlot.cs","2a88731ada51d07c47950d7bff72c609","11500000"
"WarFriends.ResourceCompatibility","da3348191866a384b95001cc2c6d51b2","-885621587","VTOL","Client/ExportedProject/Assets/Scripts/ResourceCompatibility/VTOL.cs","f687e6a3fd27fd1b42f887c03b8bdb54","11500000"
"WarFriends.ResourceCompatibility","da3348191866a384b95001cc2c6d51b2","-871250387","InappBlackMarket","Client/ExportedProject/Assets/Scripts/ResourceCompatibility/InappBlackMarket.cs","e02677e788329cbad898f50861855262","11500000"
"WarFriends.ResourceCompatibility","da3348191866a384b95001cc2c6d51b2","-850077857","PlayerCoefficients","Client/ExportedProject/Assets/Scripts/ResourceCompatibility/PlayerCoefficients.cs","c4b1e5a73661c599e98cd1694b324bcf","11500000"
"WarFriends.ResourceCompatibility","da3348191866a384b95001cc2c6d51b2","-849407961","HeaderEliteFinisherPart","Client/ExportedProject/Assets/Scripts/ResourceCompatibility/HeaderEliteFinisherPart.cs","d460076bb565c18993f77718af4bebcf","11500000"
"WarFriends.ResourceCompatibility","da3348191866a384b95001cc2c6d51b2","-848988147","ExoMech","Client/ExportedProject/Assets/Scripts/ResourceCompatibility/ExoMech.cs","de26aa9c45a7510df1c732bfc04fff6f","11500000"
"WarFriends.ResourceCompatibility","da3348191866a384b95001cc2c6d51b2","-788917964","SquadWarHintV2Dialog","Client/ExportedProject/Assets/Scripts/ResourceCompatibility/SquadWarHintV2Dialog.cs","f545a1ac00afae29f1112c01e4a4d65e","11500000"
"WarFriends.ResourceCompatibility","da3348191866a384b95001cc2c6d51b2","-781635388","PrestigeManager","Client/ExportedProject/Assets/Scripts/ResourceCompatibility/PrestigeManager.cs","e4fc2de05af4f9a38d9a39e2ee3bced3","11500000"
"WarFriends.ResourceCompatibility","da3348191866a384b95001cc2c6d51b2","-776761947","AugmentationsScreen","Client/ExportedProject/Assets/Scripts/ResourceCompatibility/AugmentationsScreen.cs","025176f87ca11e6f819bb482861265b7","11500000"
"WarFriends.ResourceCompatibility","da3348191866a384b95001cc2c6d51b2","-774552667","RecruitGuiRecord","Client/ExportedProject/Assets/Scripts/ResourceCompatibility/RecruitGuiRecord.cs","d6c61d747d5243d24efc63ce0b7e2168","11500000"
"WarFriends.ResourceCompatibility","da3348191866a384b95001cc2c6d51b2","-768444718","IntroductionDealsLimitedOffer","Client/ExportedProject/Assets/Scripts/ResourceCompatibility/IntroductionDealsLimitedOffer.cs","8d10132d06a4b87d9db75b394ce079da","11500000"
"WarFriends.ResourceCompatibility","da3348191866a384b95001cc2c6d51b2","-747206827","WeaponAugSlot","Client/ExportedProject/Assets/Scripts/ResourceCompatibility/WeaponAugSlot.cs","b6881d61a1c4933868c99ec19f96170b","11500000"
"WarFriends.ResourceCompatibility","da3348191866a384b95001cc2c6d51b2","-734257551","BulletLighting","Client/ExportedProject/Assets/Scripts/ResourceCompatibility/BulletLighting.cs","77eb511c3a5016c3a6bff2f6f192e038","11500000"
"WarFriends.ResourceCompatibility","da3348191866a384b95001cc2c6d51b2","-721520522","UpgradeSlotsBunker","Client/ExportedProject/Assets/Scripts/ResourceCompatibility/UpgradeSlotsBunker.cs","4929092de9a0500355829a1acee94773","11500000"
"WarFriends.ResourceCompatibility","da3348191866a384b95001cc2c6d51b2","-709410506","WarArenaRuleRandomWeaponPreset","Client/ExportedProject/Assets/Scripts/ResourceCompatibility/WarArenaRuleRandomWeaponPreset.cs","fdc15004c2d4bb52f66f02317ff2be63","11500000"
"WarFriends.ResourceCompatibility","da3348191866a384b95001cc2c6d51b2","-695565673","SelectFriendsSearchTab","Client/ExportedProject/Assets/Scripts/ResourceCompatibility/SelectFriendsSearchTab.cs","0e1233daeba5a2a37c8ac291891248f8","11500000"
"WarFriends.ResourceCompatibility","da3348191866a384b95001cc2c6d51b2","-695333179","CustomPackRecord","Client/ExportedProject/Assets/Scripts/ResourceCompatibility/CustomPackRecord.cs","2cabcd11e3d0fb9f5ab7509c7c73b22a","11500000"
"WarFriends.ResourceCompatibility","da3348191866a384b95001cc2c6d51b2","-695164767","HeaderPackPart","Client/ExportedProject/Assets/Scripts/ResourceCompatibility/HeaderPackPart.cs","5e6a2e1209108f35fc90c864a95e0d22","11500000"
"WarFriends.ResourceCompatibility","da3348191866a384b95001cc2c6d51b2","-690261832","PoisonArrow","Client/ExportedProject/Assets/Scripts/ResourceCompatibility/PoisonArrow.cs","55245aef1733213d174411583b755d94","11500000"
"WarFriends.ResourceCompatibility","da3348191866a384b95001cc2c6d51b2","-687979575","TutorialLoginGuiElement","Client/ExportedProject/Assets/Scripts/ResourceCompatibility/TutorialLoginGuiElement.cs","0601301d639974dfb2bb95a203b326a1","11500000"
"WarFriends.ResourceCompatibility","da3348191866a384b95001cc2c6d51b2","-644870382","UpgradeSlotsSpiderling","Client/ExportedProject/Assets/Scripts/ResourceCompatibility/UpgradeSlotsSpiderling.cs","a85296438ae48b5da77eeb6ea7eb0c37","11500000"
"WarFriends.ResourceCompatibility","da3348191866a384b95001cc2c6d51b2","-635528244","OverseerOrb","Client/ExportedProject/Assets/Scripts/ResourceCompatibility/OverseerOrb.cs","731556e3e9ad5b7a751a6e446e5b5222","11500000"
"WarFriends.ResourceCompatibility","da3348191866a384b95001cc2c6d51b2","-632075467","UpgradeSlotsVTOL","Client/ExportedProject/Assets/Scripts/ResourceCompatibility/UpgradeSlotsVTOL.cs","9b817b32a2da28fd0e98098f86e3552b","11500000"
"WarFriends.ResourceCompatibility","da3348191866a384b95001cc2c6d51b2","-621388670","SuperDivisionHintDialog","Client/ExportedProject/Assets/Scripts/ResourceCompatibility/SuperDivisionHintDialog.cs","98b2be837824e54c121cb721a8eab6a3","11500000"
"WarFriends.ResourceCompatibility","da3348191866a384b95001cc2c6d51b2","-598599505","TutorialManagerAugmentations","Client/ExportedProject/Assets/Scripts/ResourceCompatibility/TutorialManagerAugmentations.cs","023f1adde769e24b1f1239d0b04121f3","11500000"
"WarFriends.ResourceCompatibility","da3348191866a384b95001cc2c6d51b2","-591861082","AugmentationsButton","Client/ExportedProject/Assets/Scripts/ResourceCompatibility/AugmentationsButton.cs","3b9d8ba3fdb946c6421c51f5b4a6a7ed","11500000"
"WarFriends.ResourceCompatibility","da3348191866a384b95001cc2c6d51b2","-586994845","AugmentationTutorialDialog","Client/ExportedProject/Assets/Scripts/ResourceCompatibility/AugmentationTutorialDialog.cs","efc799bb8066ce9eaa9efe90c305d51e","11500000"
"WarFriends.ResourceCompatibility","da3348191866a384b95001cc2c6d51b2","-571452600","EnemyPointReplica","Client/ExportedProject/Assets/Scripts/ResourceCompatibility/EnemyPointReplica.cs","4c1cf585ddbc9e648235e3289fb14586","11500000"
"WarFriends.ResourceCompatibility","da3348191866a384b95001cc2c6d51b2","-562246091","MatchShareManager","Client/ExportedProject/Assets/Scripts/ResourceCompatibility/MatchShareManager.cs","a048e58e7033b5b92acaebe0c7726130","11500000"
"WarFriends.ResourceCompatibility","da3348191866a384b95001cc2c6d51b2","-525626184","InvasionEventLogRecord","Client/ExportedProject/Assets/Scripts/ResourceCompatibility/InvasionEventLogRecord.cs","16907ea62622693c6ce887992132bbda","11500000"
"WarFriends.ResourceCompatibility","da3348191866a384b95001cc2c6d51b2","-519507729","AugmentationsFusionScreen","Client/ExportedProject/Assets/Scripts/ResourceCompatibility/AugmentationsFusionScreen.cs","d797991bf4b0a2e6794fe1a9d1914062","11500000"
"WarFriends.ResourceCompatibility","da3348191866a384b95001cc2c6d51b2","-495462816","SuperDivisionContent","Client/ExportedProject/Assets/Scripts/ResourceCompatibility/SuperDivisionContent.cs","43476c7d12ea6873cbeef1dd22075337","11500000"
"WarFriends.ResourceCompatibility","da3348191866a384b95001cc2c6d51b2","-463889321","MainScreenTransition","Client/ExportedProject/Assets/Scripts/ResourceCompatibility/MainScreenTransition.cs","cf0450846c426cb2548de81c470b52c4","11500000"
"WarFriends.ResourceCompatibility","da3348191866a384b95001cc2c6d51b2","-462468658","Minigun","Client/ExportedProject/Assets/Scripts/ResourceCompatibility/Minigun.cs","cb0af3fc4b236e4e9e0a3beb685076cb","11500000"
"WarFriends.ResourceCompatibility","da3348191866a384b95001cc2c6d51b2","-450432699","UpgradeSlotsRenegade","Client/ExportedProject/Assets/Scripts/ResourceCompatibility/UpgradeSlotsRenegade.cs","dcf6d23166d89ddc65565babec08e945","11500000"
"WarFriends.ResourceCompatibility","da3348191866a384b95001cc2c6d51b2","-415801850","SquadWarEndMemberV2Record","Client/ExportedProject/Assets/Scripts/ResourceCompatibility/SquadWarEndMemberV2Record.cs","1440347cc3117c4678344edb12af2311","11500000"
"WarFriends.ResourceCompatibility","da3348191866a384b95001cc2c6d51b2","-414625062","MinigunAugRecord","Client/ExportedProject/Assets/Scripts/ResourceCompatibility/MinigunAugRecord.cs","0a323f3294ace147bd005a314929e856","11500000"
"WarFriends.ResourceCompatibility","da3348191866a384b95001cc2c6d51b2","-406478915","RentalGuiBuyPart","Client/ExportedProject/Assets/Scripts/ResourceCompatibility/RentalGuiBuyPart.cs","eae491ab4f96d9282dd4b262b93998c7","11500000"
"WarFriends.ResourceCompatibility","da3348191866a384b95001cc2c6d51b2","-403166788","SoldierBehaviourChemical","Client/ExportedProject/Assets/Scripts/ResourceCompatibility/SoldierBehaviourChemical.cs","4eb3c7e61050b462f993a2ce57171526","11500000"
"WarFriends.ResourceCompatibility","da3348191866a384b95001cc2c6d51b2","-388987900","AugmentationSummaryGuiRecord","Client/ExportedProject/Assets/Scripts/ResourceCompatibility/AugmentationSummaryGuiRecord.cs","d36d53a8d6041dbe7b63f0442482c71c","11500000"
"WarFriends.ResourceCompatibility","da3348191866a384b95001cc2c6d51b2","-387299235","SquadInvasionContent","Client/ExportedProject/Assets/Scripts/ResourceCompatibility/SquadInvasionContent.cs","e01f9717c5d55ce54af6b67a78c731e6","11500000"
"WarFriends.ResourceCompatibility","da3348191866a384b95001cc2c6d51b2","-383821892","FlockChild","Client/ExportedProject/Assets/Scripts/ResourceCompatibility/FlockChild.cs","706d3f2113ce61c3e4f035d47b008bdd","11500000"
"WarFriends.ResourceCompatibility","da3348191866a384b95001cc2c6d51b2","-377751862","SuperChargedUnitsManager","Client/ExportedProject/Assets/Scripts/ResourceCompatibility/SuperChargedUnitsManager.cs","fceabe1f73884243ca712180f5f7d21a","11500000"
"WarFriends.ResourceCompatibility","da3348191866a384b95001cc2c6d51b2","-339278764","Spiderling","Client/ExportedProject/Assets/Scripts/ResourceCompatibility/Spiderling.cs","5b4d3c2b38a7d1ce4baa17ebdbefb9bf","11500000"
"WarFriends.ResourceCompatibility","da3348191866a384b95001cc2c6d51b2","-293489529","DoubleUpgradesExpiredDialog","Client/ExportedProject/Assets/Scripts/ResourceCompatibility/DoubleUpgradesExpiredDialog.cs","7edd3b7b146f301e904e33fe351d3fc5","11500000"
"WarFriends.ResourceCompatibility","da3348191866a384b95001cc2c6d51b2","-291007558","LimitedOfferManager","Client/ExportedProject/Assets/Scripts/ResourceCompatibility/LimitedOfferManager.cs","59bc918c8f3aceb916894bda2302e381","11500000"
"WarFriends.ResourceCompatibility","da3348191866a384b95001cc2c6d51b2","-287306015","UpgradeSlotsOverseer","Client/ExportedProject/Assets/Scripts/ResourceCompatibility/UpgradeSlotsOverseer.cs","43524da5156573e4ece491d2e3f72a83","11500000"
"WarFriends.ResourceCompatibility","da3348191866a384b95001cc2c6d51b2","-265989043","TermsDialog","Client/ExportedProject/Assets/Scripts/ResourceCompatibility/TermsDialog.cs","569c9f7cba6de399b30e0b8dc57227e0","11500000"
"WarFriends.ResourceCompatibility","da3348191866a384b95001cc2c6d51b2","-257971494","InvasionManager","Client/ExportedProject/Assets/Scripts/ResourceCompatibility/InvasionManager.cs","10befd3fc86b22fa697ac9b936bf8777","11500000"
"WarFriends.ResourceCompatibility","da3348191866a384b95001cc2c6d51b2","-236595226","LocalNotifications.NotificationScheduler","Client/ExportedProject/Assets/Scripts/ResourceCompatibility/LocalNotifications/NotificationScheduler.cs","3f025bba8b8ec4a4e80746cd6319f774","11500000"
"WarFriends.ResourceCompatibility","da3348191866a384b95001cc2c6d51b2","-227105176","UpgradeSlotsInstinct","Client/ExportedProject/Assets/Scripts/ResourceCompatibility/UpgradeSlotsInstinct.cs","b5e285a8fb794f8da9f1f9723fcd09f7","11500000"
"WarFriends.ResourceCompatibility","da3348191866a384b95001cc2c6d51b2","-227018948","WeaponAugDetails","Client/ExportedProject/Assets/Scripts/ResourceCompatibility/WeaponAugDetails.cs","0e09e7c239a3ae1d34c21ade417bd8f2","11500000"
"WarFriends.ResourceCompatibility","da3348191866a384b95001cc2c6d51b2","-201802900","EquippedWaugInfo","Client/ExportedProject/Assets/Scripts/ResourceCompatibility/EquippedWaugInfo.cs","2076a113e6fe52ac9e0352c51ca54c6a","11500000"
"WarFriends.ResourceCompatibility","da3348191866a384b95001cc2c6d51b2","-197638422","UpgradeSlotsBreach","Client/ExportedProject/Assets/Scripts/ResourceCompatibility/UpgradeSlotsBreach.cs","2d462ef5a7e4bfcd0d5dc850ebcd9363","11500000"
"WarFriends.ResourceCompatibility","da3348191866a384b95001cc2c6d51b2","-189814467","BattleCompareArmyRecord","Client/ExportedProject/Assets/Scripts/ResourceCompatibility/BattleCompareArmyRecord.cs","fa628bb9bcf2807e8086b3df80e6d682","11500000"
"WarFriends.ResourceCompatibility","da3348191866a384b95001cc2c6d51b2","-166073470","MidnightManager","Client/ExportedProject/Assets/Scripts/ResourceCompatibility/MidnightManager.cs","549966b0588d52bdcea9ee35975ca18f","11500000"
"WarFriends.ResourceCompatibility","da3348191866a384b95001cc2c6d51b2","-161679984","Sword","Client/ExportedProject/Assets/Scripts/ResourceCompatibility/Sword.cs","f2e3c3b7f5562c385285faf722a0bb80","11500000"
"WarFriends.ResourceCompatibility","da3348191866a384b95001cc2c6d51b2","-146605662","PoisonArrowSetup","Client/ExportedProject/Assets/Scripts/ResourceCompatibility/PoisonArrowSetup.cs","dc8bc633e495a8a61ad35ae67c06f6c0","11500000"
"WarFriends.ResourceCompatibility","da3348191866a384b95001cc2c6d51b2","-132052057","CovertManager","Client/ExportedProject/Assets/Scripts/ResourceCompatibility/CovertManager.cs","ed91921520e67064d341f885b66bd398","11500000"
"WarFriends.ResourceCompatibility","da3348191866a384b95001cc2c6d51b2","-97289611","AugmentationManager","Client/ExportedProject/Assets/Scripts/ResourceCompatibility/AugmentationManager.cs","682e27cac2880a5cba649897a031878a","11500000"
"WarFriends.ResourceCompatibility","da3348191866a384b95001cc2c6d51b2","-45469822","PulseRifleLevelsSetup","Client/ExportedProject/Assets/Scripts/ResourceCompatibility/PulseRifleLevelsSetup.cs","1ea6a7f3e79328b6199f09f2cebc4e0a","11500000"
"WarFriends.ResourceCompatibility","da3348191866a384b95001cc2c6d51b2","-22404435","SpecterLaser","Client/ExportedProject/Assets/Scripts/ResourceCompatibility/SpecterLaser.cs","6b08a6097001d9a3d3b5f809eaba90c4","11500000"
"WarFriends.ResourceCompatibility","da3348191866a384b95001cc2c6d51b2","-13648737","SquadWarsRewardHintRecord","Client/ExportedProject/Assets/Scripts/ResourceCompatibility/SquadWarsRewardHintRecord.cs","02bec0eb069144b9d4bc1e2f5c79a1de","11500000"
"WarFriends.ResourceCompatibility","da3348191866a384b95001cc2c6d51b2","-7234669","ExoMechAnimator","Client/ExportedProject/Assets/Scripts/ResourceCompatibility/ExoMechAnimator.cs","cd433889cf71e143e420c8391e017e2c","11500000"
"WarFriends.ResourceCompatibility","da3348191866a384b95001cc2c6d51b2","7754994","WeaponAugsManager","Client/ExportedProject/Assets/Scripts/ResourceCompatibility/WeaponAugsManager.cs","700a843233a6436c0e339a94e84bb85d","11500000"
"WarFriends.ResourceCompatibility","da3348191866a384b95001cc2c6d51b2","12332902","EliteFinisherPackDialog","Client/ExportedProject/Assets/Scripts/ResourceCompatibility/EliteFinisherPackDialog.cs","cf8734b775293fbe06c0beb5525f5a98","11500000"
"WarFriends.ResourceCompatibility","da3348191866a384b95001cc2c6d51b2","51750248","BreachTurret","Client/ExportedProject/Assets/Scripts/ResourceCompatibility/BreachTurret.cs","9055482c338d3ab3b21193853f40349c","11500000"
"WarFriends.ResourceCompatibility","da3348191866a384b95001cc2c6d51b2","94628619","ShieldCosmeticsManager","Client/ExportedProject/Assets/Scripts/ResourceCompatibility/ShieldCosmeticsManager.cs","79d015e0ef249b00ba61d11e7441ef95","11500000"
"WarFriends.ResourceCompatibility","da3348191866a384b95001cc2c6d51b2","95782736","Arrow","Client/ExportedProject/Assets/Scripts/ResourceCompatibility/Arrow.cs","628216b1a9eb656e44af38965d14a50e","11500000"
"WarFriends.ResourceCompatibility","da3348191866a384b95001cc2c6d51b2","96874283","UpgradeSlotsChemical","Client/ExportedProject/Assets/Scripts/ResourceCompatibility/UpgradeSlotsChemical.cs","d5249d2512f3d5dcd101a96bc01834be","11500000"
"WarFriends.ResourceCompatibility","da3348191866a384b95001cc2c6d51b2","101447069","BlackmarketUnitConfirmDialog","Client/ExportedProject/Assets/Scripts/ResourceCompatibility/BlackmarketUnitConfirmDialog.cs","37fbb3cdbbe862a8fa1a910e4f92add9","11500000"
"WarFriends.ResourceCompatibility","da3348191866a384b95001cc2c6d51b2","125689655","BigSpritesLoader","Client/ExportedProject/Assets/Scripts/ResourceCompatibility/BigSpritesLoader.cs","0a9d04a8e262385a028622455dd685e1","11500000"
"WarFriends.ResourceCompatibility","da3348191866a384b95001cc2c6d51b2","131572891","SubscriptionRemindDialog","Client/ExportedProject/Assets/Scripts/ResourceCompatibility/SubscriptionRemindDialog.cs","57d343701043dcb0791d6a9737be089b","11500000"
"WarFriends.ResourceCompatibility","da3348191866a384b95001cc2c6d51b2","134070834","WeaponAugIcon","Client/ExportedProject/Assets/Scripts/ResourceCompatibility/WeaponAugIcon.cs","3e6a7228e82ecdff372d0dd5fbcbfb92","11500000"
"WarFriends.ResourceCompatibility","da3348191866a384b95001cc2c6d51b2","146802297","BattleReversionDialog","Client/ExportedProject/Assets/Scripts/ResourceCompatibility/BattleReversionDialog.cs","e978a59d0782aeba44a2ae9419f4b689","11500000"
"WarFriends.ResourceCompatibility","da3348191866a384b95001cc2c6d51b2","179545562","UpgradeSlotsCrossbowSniper","Client/ExportedProject/Assets/Scripts/ResourceCompatibility/UpgradeSlotsCrossbowSniper.cs","3b4e407c6c1fc7c6e239ee5f7dc44d96","11500000"
"WarFriends.ResourceCompatibility","da3348191866a384b95001cc2c6d51b2","184263954","SelectFriendsSquadTab","Client/ExportedProject/Assets/Scripts/ResourceCompatibility/SelectFriendsSquadTab.cs","e46118d09cd10a6f422f787ab7c21aeb","11500000"
"WarFriends.ResourceCompatibility","da3348191866a384b95001cc2c6d51b2","214870787","BazookaWithMuzzle","Client/ExportedProject/Assets/Scripts/ResourceCompatibility/BazookaWithMuzzle.cs","1d9e97b682cb56bff2dbf6f6adc86b6e","11500000"
"WarFriends.ResourceCompatibility","da3348191866a384b95001cc2c6d51b2","242557837","BoosterTutorialRecord","Client/ExportedProject/Assets/Scripts/ResourceCompatibility/BoosterTutorialRecord.cs","0b04fe38d3a1e2881c521f5c48b03643","11500000"
"WarFriends.ResourceCompatibility","da3348191866a384b95001cc2c6d51b2","261499633","SoldierBehaviourRiko","Client/ExportedProject/Assets/Scripts/ResourceCompatibility/SoldierBehaviourRiko.cs","468fa1db0ca548494f499d6e4f60a7ac","11500000"
"WarFriends.ResourceCompatibility","da3348191866a384b95001cc2c6d51b2","303024234","SoldierBehaviourExoPilot","Client/ExportedProject/Assets/Scripts/ResourceCompatibility/SoldierBehaviourExoPilot.cs","83bac21fc686137cde457092dc7fb209","11500000"
"WarFriends.ResourceCompatibility","da3348191866a384b95001cc2c6d51b2","310809255","InvaderContent","Client/ExportedProject/Assets/Scripts/ResourceCompatibility/InvaderContent.cs","6ab6c1178ff063a40b64be98bc2876d2","11500000"
"WarFriends.ResourceCompatibility","da3348191866a384b95001cc2c6d51b2","340672564","UpgradeSlotsExoMech","Client/ExportedProject/Assets/Scripts/ResourceCompatibility/UpgradeSlotsExoMech.cs","d47121e6e9080d4998acd93401bc6654","11500000"
"WarFriends.ResourceCompatibility","da3348191866a384b95001cc2c6d51b2","359409591","BoosterUpgradesDialog","Client/ExportedProject/Assets/Scripts/ResourceCompatibility/BoosterUpgradesDialog.cs","dc50fd12cb62c3f795ee55b89fb9a720","11500000"
"WarFriends.ResourceCompatibility","da3348191866a384b95001cc2c6d51b2","394729852","HavocBehaviour","Client/ExportedProject/Assets/Scripts/ResourceCompatibility/HavocBehaviour.cs","6a7b3117dfe41ecf3aa2dcdfe7169f0d","11500000"
"WarFriends.ResourceCompatibility","da3348191866a384b95001cc2c6d51b2","397373038","GameControllerInvasion","Client/ExportedProject/Assets/Scripts/ResourceCompatibility/GameControllerInvasion.cs","5341ce5b55cf87932e06c377d0e39972","11500000"
"WarFriends.ResourceCompatibility","da3348191866a384b95001cc2c6d51b2","416972421","ExoMechBehaviour","Client/ExportedProject/Assets/Scripts/ResourceCompatibility/ExoMechBehaviour.cs","6e682a3f5ec173e867ce4aabbec9d837","11500000"
"WarFriends.ResourceCompatibility","da3348191866a384b95001cc2c6d51b2","440134846","InvasionEndGameDialog","Client/ExportedProject/Assets/Scripts/ResourceCompatibility/InvasionEndGameDialog.cs","6586c62f0fe2cbf2d0d9c5658ffd01e1","11500000"
"WarFriends.ResourceCompatibility","da3348191866a384b95001cc2c6d51b2","468341076","NotEnoughLoyaltyDialog","Client/ExportedProject/Assets/Scripts/ResourceCompatibility/NotEnoughLoyaltyDialog.cs","41bd132faff9616e0de06e9412a56127","11500000"
"WarFriends.ResourceCompatibility","da3348191866a384b95001cc2c6d51b2","489049270","BulletPulseRifle","Client/ExportedProject/Assets/Scripts/ResourceCompatibility/BulletPulseRifle.cs","7fc2e6516db8d13869f9911eec00c1e1","11500000"
"WarFriends.ResourceCompatibility","da3348191866a384b95001cc2c6d51b2","508441053","SquadButtonInvasion","Client/ExportedProject/Assets/Scripts/ResourceCompatibility/SquadButtonInvasion.cs","dc68387f33c32c74dd970cf1afa735b6","11500000"
"WarFriends.ResourceCompatibility","da3348191866a384b95001cc2c6d51b2","514699282","PiggyBankEnd","Client/ExportedProject/Assets/Scripts/ResourceCompatibility/PiggyBankEnd.cs","fec1562e27e4346ff6821d7e9f20b0e0","11500000"
"WarFriends.ResourceCompatibility","da3348191866a384b95001cc2c6d51b2","556395889","OtherDoubleUpgradeDialog","Client/ExportedProject/Assets/Scripts/ResourceCompatibility/OtherDoubleUpgradeDialog.cs","034a87b9268e03abd2fbf8dcfd14e485","11500000"
"WarFriends.ResourceCompatibility","da3348191866a384b95001cc2c6d51b2","566922485","InappOfferBonusGUI","Client/ExportedProject/Assets/Scripts/ResourceCompatibility/InappOfferBonusGUI.cs","c36e2eb3b8ac73b0cff72961ee76fd9c","11500000"
"WarFriends.ResourceCompatibility","da3348191866a384b95001cc2c6d51b2","569199330","TransferCodeDialog","Client/ExportedProject/Assets/Scripts/ResourceCompatibility/TransferCodeDialog.cs","4b9df8880574efd54b5ffaf853b1766a","11500000"
"WarFriends.ResourceCompatibility","da3348191866a384b95001cc2c6d51b2","592993971","DismantleWeaponDialog","Client/ExportedProject/Assets/Scripts/ResourceCompatibility/DismantleWeaponDialog.cs","034f2d1c0d5d2122d17bbfde21d7f6ae","11500000"
"WarFriends.ResourceCompatibility","da3348191866a384b95001cc2c6d51b2","602035550","ShieldsManager","Client/ExportedProject/Assets/Scripts/ResourceCompatibility/ShieldsManager.cs","e8173b3ceaf5635784f42c44240d47f8","11500000"
"WarFriends.ResourceCompatibility","da3348191866a384b95001cc2c6d51b2","609721075","Assets.Scripts.GUI.ScreenNavigator","Client/ExportedProject/Assets/Scripts/ResourceCompatibility/Assets.Scripts.GUI/ScreenNavigator.cs","b46e01b52ae732c37de352dfc305433c","11500000"
"WarFriends.ResourceCompatibility","da3348191866a384b95001cc2c6d51b2","610121995","LoyaltyManager","Client/ExportedProject/Assets/Scripts/ResourceCompatibility/LoyaltyManager.cs","1c28aeeda734c15a9fe26a6fe2e2715f","11500000"
"WarFriends.ResourceCompatibility","da3348191866a384b95001cc2c6d51b2","632798914","InvasionDamagerRecord","Client/ExportedProject/Assets/Scripts/ResourceCompatibility/InvasionDamagerRecord.cs","f0b6e2be3462d1bbaf4aa341673fc066","11500000"
"WarFriends.ResourceCompatibility","da3348191866a384b95001cc2c6d51b2","648414478","MatchHistoryManager","Client/ExportedProject/Assets/Scripts/ResourceCompatibility/MatchHistoryManager.cs","94e73fd5eebfc0a3bed590f615d5a84a","11500000"
"WarFriends.ResourceCompatibility","da3348191866a384b95001cc2c6d51b2","663973791","IntroductionDealsDailyGold","Client/ExportedProject/Assets/Scripts/ResourceCompatibility/IntroductionDealsDailyGold.cs","6edc5cc9df6a46dce804d2361e8f8bba","11500000"
"WarFriends.ResourceCompatibility","da3348191866a384b95001cc2c6d51b2","687579509","AugmentationFusionSlot","Client/ExportedProject/Assets/Scripts/ResourceCompatibility/AugmentationFusionSlot.cs","00ba7e39dd2bbec3815ab3693a5b2500","11500000"
"WarFriends.ResourceCompatibility","da3348191866a384b95001cc2c6d51b2","703569310","BoosterManager","Client/ExportedProject/Assets/Scripts/ResourceCompatibility/BoosterManager.cs","c36f324edfd13869d74788932e0790a5","11500000"
"WarFriends.ResourceCompatibility","da3348191866a384b95001cc2c6d51b2","724932570","DropRateHintGuiElement","Client/ExportedProject/Assets/Scripts/ResourceCompatibility/DropRateHintGuiElement.cs","55b5a07a493579f5805201256d0afa32","11500000"
"WarFriends.ResourceCompatibility","da3348191866a384b95001cc2c6d51b2","733143901","BattleCompareWarcardRecord","Client/ExportedProject/Assets/Scripts/ResourceCompatibility/BattleCompareWarcardRecord.cs","46186dd30eccd56ab0d96964b135d967","11500000"
"WarFriends.ResourceCompatibility","da3348191866a384b95001cc2c6d51b2","748199112","BoosterRewardDialog","Client/ExportedProject/Assets/Scripts/ResourceCompatibility/BoosterRewardDialog.cs","004f5465815a5135b74378af69bab09a","11500000"
"WarFriends.ResourceCompatibility","da3348191866a384b95001cc2c6d51b2","748653930","UpgradeSlotsBackbone","Client/ExportedProject/Assets/Scripts/ResourceCompatibility/UpgradeSlotsBackbone.cs","724e010671cf4a78b712a09aa4b36d17","11500000"
"WarFriends.ResourceCompatibility","da3348191866a384b95001cc2c6d51b2","767463930","WarArenaRuleRandomUnitCategory","Client/ExportedProject/Assets/Scripts/ResourceCompatibility/WarArenaRuleRandomUnitCategory.cs","044cc80ad104fadba021d792cb26af36","11500000"
"WarFriends.ResourceCompatibility","da3348191866a384b95001cc2c6d51b2","771110529","InvasionSpawnController","Client/ExportedProject/Assets/Scripts/ResourceCompatibility/InvasionSpawnController.cs","a073d449a01bd910038a367d50541c87","11500000"
"WarFriends.ResourceCompatibility","da3348191866a384b95001cc2c6d51b2","773980612","WeaponAugFusion","Client/ExportedProject/Assets/Scripts/ResourceCompatibility/WeaponAugFusion.cs","c5643de7829315dbc286ebd9b918f84f","11500000"
"WarFriends.ResourceCompatibility","da3348191866a384b95001cc2c6d51b2","775166900","BattleCompareWeaponRecord","Client/ExportedProject/Assets/Scripts/ResourceCompatibility/BattleCompareWeaponRecord.cs","7b8201ca9511923e47fdc043f4728ab9","11500000"
"WarFriends.ResourceCompatibility","da3348191866a384b95001cc2c6d51b2","792310962","SpawnPointHavoc","Client/ExportedProject/Assets/Scripts/ResourceCompatibility/SpawnPointHavoc.cs","ed1fdf5ee56dd3683a6ec7187e7dce4a","11500000"
"WarFriends.ResourceCompatibility","da3348191866a384b95001cc2c6d51b2","799372253","CreditsGUIOneLine","Client/ExportedProject/Assets/Scripts/ResourceCompatibility/CreditsGUIOneLine.cs","107c4eb6d4b4364e92328c65d056e1c7","11500000"
"WarFriends.ResourceCompatibility","da3348191866a384b95001cc2c6d51b2","822442114","WaugHintInfo","Client/ExportedProject/Assets/Scripts/ResourceCompatibility/WaugHintInfo.cs","aa0f54147e8357e243084a65c3eed8a2","11500000"
"WarFriends.ResourceCompatibility","da3348191866a384b95001cc2c6d51b2","827916026","MaterialsDetails","Client/ExportedProject/Assets/Scripts/ResourceCompatibility/MaterialsDetails.cs","0a6fd5ddec0f8bf32ea48c3d8acb4fe0","11500000"
"WarFriends.ResourceCompatibility","da3348191866a384b95001cc2c6d51b2","867402269","GDPRManager","Client/ExportedProject/Assets/Scripts/ResourceCompatibility/GDPRManager.cs","d0dfcbd4b596d499bf1ecd6a68d5b196","11500000"
"WarFriends.ResourceCompatibility","da3348191866a384b95001cc2c6d51b2","879209894","SpiderlingAnimation","Client/ExportedProject/Assets/Scripts/ResourceCompatibility/SpiderlingAnimation.cs","b09c13c5ddf715d4f49f534e5fa621a5","11500000"
"WarFriends.ResourceCompatibility","da3348191866a384b95001cc2c6d51b2","899208274","ShieldPreviewCamera","Client/ExportedProject/Assets/Scripts/ResourceCompatibility/ShieldPreviewCamera.cs","f080b326803ea37d1ce54bbe2f37c04b","11500000"
"WarFriends.ResourceCompatibility","da3348191866a384b95001cc2c6d51b2","907983681","NewDailyRewardManager","Client/ExportedProject/Assets/Scripts/ResourceCompatibility/NewDailyRewardManager.cs","e1d0ec6b14fcb78a182370ce6ff4c64e","11500000"
"WarFriends.ResourceCompatibility","da3348191866a384b95001cc2c6d51b2","910493357","UpgradeSlotsHavoc","Client/ExportedProject/Assets/Scripts/ResourceCompatibility/UpgradeSlotsHavoc.cs","4dfe6fdc56c852fe7fb2523c424eb6a1","11500000"
"WarFriends.ResourceCompatibility","da3348191866a384b95001cc2c6d51b2","913814257","BuyWarbucksInstantlyDialog","Client/ExportedProject/Assets/Scripts/ResourceCompatibility/BuyWarbucksInstantlyDialog.cs","4d3da08c09ee852930d4a4224333f6f4","11500000"
"WarFriends.ResourceCompatibility","da3348191866a384b95001cc2c6d51b2","914880701","TutorialBoosterDialog","Client/ExportedProject/Assets/Scripts/ResourceCompatibility/TutorialBoosterDialog.cs","44f893843490ca50bc75ec89dd418169","11500000"
"WarFriends.ResourceCompatibility","da3348191866a384b95001cc2c6d51b2","924336471","WeaponAugTutorialDialog","Client/ExportedProject/Assets/Scripts/ResourceCompatibility/WeaponAugTutorialDialog.cs","61d59cbb353ec71d714bef9e08e5c8e5","11500000"
"WarFriends.ResourceCompatibility","da3348191866a384b95001cc2c6d51b2","951330584","SoldierBehaviourOverseer","Client/ExportedProject/Assets/Scripts/ResourceCompatibility/SoldierBehaviourOverseer.cs","209061b1f4bcb02df16583770044233a","11500000"
"WarFriends.ResourceCompatibility","da3348191866a384b95001cc2c6d51b2","965419926","BarrelsManager","Client/ExportedProject/Assets/Scripts/ResourceCompatibility/BarrelsManager.cs","b63094e99527942e947b464095a90c30","11500000"
"WarFriends.ResourceCompatibility","da3348191866a384b95001cc2c6d51b2","972128482","SquadWarEndV2Dialog","Client/ExportedProject/Assets/Scripts/ResourceCompatibility/SquadWarEndV2Dialog.cs","d6514ce3f9ab52ad6d6956b19d0cbbb6","11500000"
"WarFriends.ResourceCompatibility","da3348191866a384b95001cc2c6d51b2","976881574","UpgradeSlotsOrb","Client/ExportedProject/Assets/Scripts/ResourceCompatibility/UpgradeSlotsOrb.cs","8052b05e0378ca537e2f21f1a111944b","11500000"
"WarFriends.ResourceCompatibility","da3348191866a384b95001cc2c6d51b2","1050095186","UpgradeSlotsSpiderBot","Client/ExportedProject/Assets/Scripts/ResourceCompatibility/UpgradeSlotsSpiderBot.cs","fd7522ba64301f244edd8f752f0c16eb","11500000"
"WarFriends.ResourceCompatibility","da3348191866a384b95001cc2c6d51b2","1104339410","InvaderShield","Client/ExportedProject/Assets/Scripts/ResourceCompatibility/InvaderShield.cs","7048a86f7c881bb6fcf22700828c1551","11500000"
"WarFriends.ResourceCompatibility","da3348191866a384b95001cc2c6d51b2","1133926022","RippleEffect","Client/ExportedProject/Assets/Scripts/ResourceCompatibility/RippleEffect.cs","f27cca1298ccb6a482dc15f714db2a3d","11500000"
"WarFriends.ResourceCompatibility","da3348191866a384b95001cc2c6d51b2","1137083514","WarArenaRuleSpecialAbilitiesAndPerks","Client/ExportedProject/Assets/Scripts/ResourceCompatibility/WarArenaRuleSpecialAbilitiesAndPerks.cs","01180b503f586bff9077e4754245fc1c","11500000"
"WarFriends.ResourceCompatibility","da3348191866a384b95001cc2c6d51b2","1139008169","KochavaConfiguration","Client/ExportedProject/Assets/Scripts/ResourceCompatibility/KochavaConfiguration.cs","fb17ea972fb3fe17ddfef5f05694e537","11500000"
"WarFriends.ResourceCompatibility","da3348191866a384b95001cc2c6d51b2","1161446305","TutorialPrestigeDialog","Client/ExportedProject/Assets/Scripts/ResourceCompatibility/TutorialPrestigeDialog.cs","d3127a214e60917d675107074bf4281a","11500000"
"WarFriends.ResourceCompatibility","da3348191866a384b95001cc2c6d51b2","1166113337","CrateCamera","Client/ExportedProject/Assets/Scripts/ResourceCompatibility/CrateCamera.cs","78937f2b76b77dac1a22b86dddcb6453","11500000"
"WarFriends.ResourceCompatibility","da3348191866a384b95001cc2c6d51b2","1176975709","MainThreadCaller","Client/ExportedProject/Assets/Scripts/ResourceCompatibility/MainThreadCaller.cs","b39d61462ed9f4416105523e619dd857","11500000"
"WarFriends.ResourceCompatibility","da3348191866a384b95001cc2c6d51b2","1196093581","CommanderManager","Client/ExportedProject/Assets/Scripts/ResourceCompatibility/CommanderManager.cs","a51aa1a21be39a499b987ca9a8df91e6","11500000"
"WarFriends.ResourceCompatibility","da3348191866a384b95001cc2c6d51b2","1208047513","PiggyBankManager","Client/ExportedProject/Assets/Scripts/ResourceCompatibility/PiggyBankManager.cs","18de2ecb93ccc36d4bd8b56a2fa4f33f","11500000"
"WarFriends.ResourceCompatibility","da3348191866a384b95001cc2c6d51b2","1225922497","MiniStarterPackBoxGuiRecord","Client/ExportedProject/Assets/Scripts/ResourceCompatibility/MiniStarterPackBoxGuiRecord.cs","cc3107c035715c63f0eabf2fcee80ebb","11500000"
"WarFriends.ResourceCompatibility","da3348191866a384b95001cc2c6d51b2","1228232575","CommanderScreen","Client/ExportedProject/Assets/Scripts/ResourceCompatibility/CommanderScreen.cs","149304f2ca950a5b3a39393a00955b50","11500000"
"WarFriends.ResourceCompatibility","da3348191866a384b95001cc2c6d51b2","1234978759","BattleComparePlayer","Client/ExportedProject/Assets/Scripts/ResourceCompatibility/BattleComparePlayer.cs","413beb4cacea07c8277314937f24fb42","11500000"
"WarFriends.ResourceCompatibility","da3348191866a384b95001cc2c6d51b2","1254419656","QualitySettingsDialog","Client/ExportedProject/Assets/Scripts/ResourceCompatibility/QualitySettingsDialog.cs","b4b7341215cd047a7f5843636e2cb71c","11500000"
"WarFriends.ResourceCompatibility","da3348191866a384b95001cc2c6d51b2","1271908977","PlayerAugmentations","Client/ExportedProject/Assets/Scripts/ResourceCompatibility/PlayerAugmentations.cs","a80f6a4aba48d6ed3d3377b2c05efa74","11500000"
"WarFriends.ResourceCompatibility","da3348191866a384b95001cc2c6d51b2","1305506787","BMBigSlotRecord","Client/ExportedProject/Assets/Scripts/ResourceCompatibility/BMBigSlotRecord.cs","8b4dadef702eab1af5a03be3c437019b","11500000"
"WarFriends.ResourceCompatibility","da3348191866a384b95001cc2c6d51b2","1311667610","RecruitingPart","Client/ExportedProject/Assets/Scripts/ResourceCompatibility/RecruitingPart.cs","c9b43401370e48d0e152f4f839f0490c","11500000"
"WarFriends.ResourceCompatibility","da3348191866a384b95001cc2c6d51b2","1325464998","BunkerParachute","Client/ExportedProject/Assets/Scripts/ResourceCompatibility/BunkerParachute.cs","63bda3f436b709bbc258b8c873526e22","11500000"
"WarFriends.ResourceCompatibility","da3348191866a384b95001cc2c6d51b2","1348981525","SpiderBot","Client/ExportedProject/Assets/Scripts/ResourceCompatibility/SpiderBot.cs","9df5af0cb0094ec2ab1cae99ac0bcc3c","11500000"
"WarFriends.ResourceCompatibility","da3348191866a384b95001cc2c6d51b2","1356383961","InvasionEmptyContent","Client/ExportedProject/Assets/Scripts/ResourceCompatibility/InvasionEmptyContent.cs","f63ee6325ea52db83f5db04544f850fc","11500000"
"WarFriends.ResourceCompatibility","da3348191866a384b95001cc2c6d51b2","1385932781","UpgradeSlotsSpecter","Client/ExportedProject/Assets/Scripts/ResourceCompatibility/UpgradeSlotsSpecter.cs","dbb04a55c296664b5d31ff91386ec4ca","11500000"
"WarFriends.ResourceCompatibility","da3348191866a384b95001cc2c6d51b2","1423250633","Assets.Scripts.Game.Invasion.InvasionBattleController","Client/ExportedProject/Assets/Scripts/ResourceCompatibility/Assets.Scripts.Game.Invasion/InvasionBattleController.cs","e205590af9e2c10595501979935ee37e","11500000"
"WarFriends.ResourceCompatibility","da3348191866a384b95001cc2c6d51b2","1423268471","SoldierBehaviourBreach","Client/ExportedProject/Assets/Scripts/ResourceCompatibility/SoldierBehaviourBreach.cs","c6e804e0088b06525cf0f2ef349f759d","11500000"
"WarFriends.ResourceCompatibility","da3348191866a384b95001cc2c6d51b2","1443382660","InvasionReward","Client/ExportedProject/Assets/Scripts/ResourceCompatibility/InvasionReward.cs","10a5ed39f0e5dea5bde2537407b1d3c8","11500000"
"WarFriends.ResourceCompatibility","da3348191866a384b95001cc2c6d51b2","1482434170","PurchaseThanksDialog","Client/ExportedProject/Assets/Scripts/ResourceCompatibility/PurchaseThanksDialog.cs","3b1dd3a9ead53979d02b3156e60d5627","11500000"
"WarFriends.ResourceCompatibility","da3348191866a384b95001cc2c6d51b2","1486181772","RentalsDialog","Client/ExportedProject/Assets/Scripts/ResourceCompatibility/RentalsDialog.cs","ab26647e778ea8e39d88b2539adefb69","11500000"
"WarFriends.ResourceCompatibility","da3348191866a384b95001cc2c6d51b2","1550401350","ObjectivesPart","Client/ExportedProject/Assets/Scripts/ResourceCompatibility/ObjectivesPart.cs","84f1679b95012ad24dc52c0b71e6de35","11500000"
"WarFriends.ResourceCompatibility","da3348191866a384b95001cc2c6d51b2","1590529334","Crossbow","Client/ExportedProject/Assets/Scripts/ResourceCompatibility/Crossbow.cs","73a39dd329f339ee0d7d0fc771a0eefe","11500000"
"WarFriends.ResourceCompatibility","da3348191866a384b95001cc2c6d51b2","1611873469","SelectFriendsManager","Client/ExportedProject/Assets/Scripts/ResourceCompatibility/SelectFriendsManager.cs","fff238bb3a56370429469d4f62470145","11500000"
"WarFriends.ResourceCompatibility","da3348191866a384b95001cc2c6d51b2","1620824874","DoubleUpgradesManager","Client/ExportedProject/Assets/Scripts/ResourceCompatibility/DoubleUpgradesManager.cs","c0fea8ab5da34884976da439a5b07fce","11500000"
"WarFriends.ResourceCompatibility","da3348191866a384b95001cc2c6d51b2","1625407036","BattleDetailsGuiRecord","Client/ExportedProject/Assets/Scripts/ResourceCompatibility/BattleDetailsGuiRecord.cs","ede0138a880908cb7144670f66d4bdc9","11500000"
"WarFriends.ResourceCompatibility","da3348191866a384b95001cc2c6d51b2","1651399876","SoldierBehaviourInstinct","Client/ExportedProject/Assets/Scripts/ResourceCompatibility/SoldierBehaviourInstinct.cs","1256420eefeb827ed7e7cce1fae3fa3d","11500000"
"WarFriends.ResourceCompatibility","da3348191866a384b95001cc2c6d51b2","1654001457","HelicopterMotor","Client/ExportedProject/Assets/Scripts/ResourceCompatibility/HelicopterMotor.cs","7b12b6484dd620172591e74de5b34038","11500000"
"WarFriends.ResourceCompatibility","da3348191866a384b95001cc2c6d51b2","1657026431","SoldierBehaviourBackbone","Client/ExportedProject/Assets/Scripts/ResourceCompatibility/SoldierBehaviourBackbone.cs","7dac9315ca56acc9b4776596d3681fd5","11500000"
"WarFriends.ResourceCompatibility","da3348191866a384b95001cc2c6d51b2","1675336323","AugHintInfo","Client/ExportedProject/Assets/Scripts/ResourceCompatibility/AugHintInfo.cs","3c19fd6ed0d45ebcea1fa9134320e046","11500000"
"WarFriends.ResourceCompatibility","da3348191866a384b95001cc2c6d51b2","1693105187","BattleCompareDialog","Client/ExportedProject/Assets/Scripts/ResourceCompatibility/BattleCompareDialog.cs","bf1bb1e7737ff96e0a8ea68675813f35","11500000"
"WarFriends.ResourceCompatibility","da3348191866a384b95001cc2c6d51b2","1703927371","LoyaltyGuiRecord","Client/ExportedProject/Assets/Scripts/ResourceCompatibility/LoyaltyGuiRecord.cs","d7a81c96dd863f02ed28c8f75fa416a7","11500000"
"WarFriends.ResourceCompatibility","da3348191866a384b95001cc2c6d51b2","1705976930","BlackMarketStoreManager","Client/ExportedProject/Assets/Scripts/ResourceCompatibility/BlackMarketStoreManager.cs","ab43cefe6ff708446c13d9243ca924f2","11500000"
"WarFriends.ResourceCompatibility","da3348191866a384b95001cc2c6d51b2","1708487314","EnemyPointHavoc","Client/ExportedProject/Assets/Scripts/ResourceCompatibility/EnemyPointHavoc.cs","af8f3dcaa4b2c5c8bca5dab836774dd6","11500000"
"WarFriends.ResourceCompatibility","da3348191866a384b95001cc2c6d51b2","1721265622","BoosterRecord","Client/ExportedProject/Assets/Scripts/ResourceCompatibility/BoosterRecord.cs","7dfdfda50fe4539f65aa797f7f3b96c6","11500000"
"WarFriends.ResourceCompatibility","da3348191866a384b95001cc2c6d51b2","1803687413","OrbBehaviour","Client/ExportedProject/Assets/Scripts/ResourceCompatibility/OrbBehaviour.cs","674fb5df2606a9522bca79358d8c21c8","11500000"
"WarFriends.ResourceCompatibility","da3348191866a384b95001cc2c6d51b2","1817713905","SoldierBehaviourSurge","Client/ExportedProject/Assets/Scripts/ResourceCompatibility/SoldierBehaviourSurge.cs","3ab27dd92224f4ebc072ad9b0a324136","11500000"
"WarFriends.ResourceCompatibility","da3348191866a384b95001cc2c6d51b2","1823570315","ArenaEqualPowerDialog","Client/ExportedProject/Assets/Scripts/ResourceCompatibility/ArenaEqualPowerDialog.cs","e1fb31c8a01a37ce251baa8832cf56fc","11500000"
"WarFriends.ResourceCompatibility","da3348191866a384b95001cc2c6d51b2","1827253931","IAPsOfferDialog","Client/ExportedProject/Assets/Scripts/ResourceCompatibility/IAPsOfferDialog.cs","ff8a67c373e69d8b4a74b141e53770d4","11500000"
"WarFriends.ResourceCompatibility","da3348191866a384b95001cc2c6d51b2","1827525417","IntroductionDealsEvent","Client/ExportedProject/Assets/Scripts/ResourceCompatibility/IntroductionDealsEvent.cs","9197897724c756c4375283e17c5409ac","11500000"
"WarFriends.ResourceCompatibility","da3348191866a384b95001cc2c6d51b2","1842360084","SoldierBehaviourSpecter","Client/ExportedProject/Assets/Scripts/ResourceCompatibility/SoldierBehaviourSpecter.cs","a947e35cae7f8724a2a6879f6a40d98f","11500000"
"WarFriends.ResourceCompatibility","da3348191866a384b95001cc2c6d51b2","1848731793","ObjectiveGuiRecord","Client/ExportedProject/Assets/Scripts/ResourceCompatibility/ObjectiveGuiRecord.cs","ac598073f06ec9459d9c5db2a55e8a59","11500000"
"WarFriends.ResourceCompatibility","da3348191866a384b95001cc2c6d51b2","1870064660","PlayerPulseRifle","Client/ExportedProject/Assets/Scripts/ResourceCompatibility/PlayerPulseRifle.cs","9cf33b6cc183816fde072996ca330914","11500000"
"WarFriends.ResourceCompatibility","da3348191866a384b95001cc2c6d51b2","1879135095","QualificationRecord","Client/ExportedProject/Assets/Scripts/ResourceCompatibility/QualificationRecord.cs","1541819f09e45c04deca83d2bc885449","11500000"
"WarFriends.ResourceCompatibility","da3348191866a384b95001cc2c6d51b2","1900353440","SelectFriendsCommanderTab","Client/ExportedProject/Assets/Scripts/ResourceCompatibility/SelectFriendsCommanderTab.cs","b78f68e6f34e79fc7988e8494b5a0362","11500000"
"WarFriends.ResourceCompatibility","da3348191866a384b95001cc2c6d51b2","1900982071","VTOLBehaviour","Client/ExportedProject/Assets/Scripts/ResourceCompatibility/VTOLBehaviour.cs","9b4491c2c178f9b00086f8c158630e54","11500000"
"WarFriends.ResourceCompatibility","da3348191866a384b95001cc2c6d51b2","1920757187","BunkerBehaviour","Client/ExportedProject/Assets/Scripts/ResourceCompatibility/BunkerBehaviour.cs","477b62a12d53395b8110809ac50ffa59","11500000"
"WarFriends.ResourceCompatibility","da3348191866a384b95001cc2c6d51b2","1923299495","PulseRifleBeamRenderer","Client/ExportedProject/Assets/Scripts/ResourceCompatibility/PulseRifleBeamRenderer.cs","43cf32520ebd3f61d8fdf37b71bac825","11500000"
"WarFriends.ResourceCompatibility","da3348191866a384b95001cc2c6d51b2","1928524156","MainScreenSocial2","Client/ExportedProject/Assets/Scripts/ResourceCompatibility/MainScreenSocial2.cs","9274f9442e22171467a27a84459e0ad4","11500000"
"WarFriends.ResourceCompatibility","da3348191866a384b95001cc2c6d51b2","1931181775","InvaderHealthBarGuiElement","Client/ExportedProject/Assets/Scripts/ResourceCompatibility/InvaderHealthBarGuiElement.cs","de5b9de1d8e91812a80699db0410789f","11500000"
"WarFriends.ResourceCompatibility","da3348191866a384b95001cc2c6d51b2","1931268162","BattleCompareStatRecord","Client/ExportedProject/Assets/Scripts/ResourceCompatibility/BattleCompareStatRecord.cs","465f50771c3cc00c4cd857ea394e3f0f","11500000"
"WarFriends.ResourceCompatibility","da3348191866a384b95001cc2c6d51b2","1989536038","HeaderRentalPart","Client/ExportedProject/Assets/Scripts/ResourceCompatibility/HeaderRentalPart.cs","8871bd99ab15b7a9cea0730c914bb372","11500000"
"WarFriends.ResourceCompatibility","da3348191866a384b95001cc2c6d51b2","1999234809","BMSmallSlotRecord","Client/ExportedProject/Assets/Scripts/ResourceCompatibility/BMSmallSlotRecord.cs","fb78dbf1267b48b7dc2058b4a86286db","11500000"
"WarFriends.ResourceCompatibility","da3348191866a384b95001cc2c6d51b2","2007693668","BattleCompareHintStatRecord","Client/ExportedProject/Assets/Scripts/ResourceCompatibility/BattleCompareHintStatRecord.cs","868341a5948885f37eb26d0d8815e8be","11500000"
"WarFriends.ResourceCompatibility","da3348191866a384b95001cc2c6d51b2","2049914006","ShieldsButton","Client/ExportedProject/Assets/Scripts/ResourceCompatibility/ShieldsButton.cs","b9877db51c8b2ef18eda6770dfe0a7eb","11500000"
"WarFriends.ResourceCompatibility","da3348191866a384b95001cc2c6d51b2","2067582818","Havoc","Client/ExportedProject/Assets/Scripts/ResourceCompatibility/Havoc.cs","32bd14d479276d2f7519ce2cf50e5bff","11500000"
"WarFriends.ResourceCompatibility","da3348191866a384b95001cc2c6d51b2","2083063684","SoldierBehaviourRenegade","Client/ExportedProject/Assets/Scripts/ResourceCompatibility/SoldierBehaviourRenegade.cs","4083b390ee683c9c009a1cd9cb1ad4ba","11500000"
"WarFriends.ResourceCompatibility","da3348191866a384b95001cc2c6d51b2","2088880825","Bunker","Client/ExportedProject/Assets/Scripts/ResourceCompatibility/Bunker.cs","091b899b478da1983f9e11bf6a6d4dff","11500000"
"WarFriends.ResourceCompatibility","da3348191866a384b95001cc2c6d51b2","2100167351","AugmentationCrateDialog","Client/ExportedProject/Assets/Scripts/ResourceCompatibility/AugmentationCrateDialog.cs","e06f5fdfd944952406f7cc1f311889d9","11500000"
"WarFriends.ResourceCompatibility","da3348191866a384b95001cc2c6d51b2","2123355820","WeaponAugsScreen","Client/ExportedProject/Assets/Scripts/ResourceCompatibility/WeaponAugsScreen.cs","6945e8c09bc01f45429661b27fca86d3","11500000"
"WarFriends.ResourceCompatibility","da3348191866a384b95001cc2c6d51b2","2133827730","SoldierToVehicleCollisionManager","Client/ExportedProject/Assets/Scripts/ResourceCompatibility/SoldierToVehicleCollisionManager.cs","ec0fa060b374810cf963ce7d7b4b93ca","11500000"
"WarFriends.ResourceCompatibility","da3348191866a384b95001cc2c6d51b2","2142198523","UpgradeSlotsExoPilot","Client/ExportedProject/Assets/Scripts/ResourceCompatibility/UpgradeSlotsExoPilot.cs","9f802c223f408b9066e09c50384cae12","11500000"
