full_name,namespace,name,reason
"AnimationOrTween.Direction","AnimationOrTween","Direction","assembly-local dependency"
"BMFont","","BMFont","assembly-local dependency"
"BMGlyph","","BMGlyph","assembly-local dependency"
"BMSymbol","","BMSymbol","assembly-local dependency"
"BasicRopeTypes","","BasicRopeTypes","assembly-local dependency"
"BestHTTP.Authentication.AuthenticationTypes","BestHTTP.Authentication","AuthenticationTypes","assembly-local dependency"
"BestHTTP.Authentication.Credentials","BestHTTP.Authentication","Credentials","assembly-local dependency"
"BestHTTP.Cookies.Cookie","BestHTTP.Cookies","Cookie","assembly-local dependency"
"BestHTTP.Extensions.HeaderValue","BestHTTP.Extensions","HeaderValue","assembly-local dependency"
"BestHTTP.Forms.HTTPFieldData","BestHTTP.Forms","HTTPFieldData","assembly-local dependency"
"BestHTTP.Forms.HTTPFormBase","BestHTTP.Forms","HTTPFormBase","assembly-local dependency"
"BestHTTP.Forms.HTTPFormUsage","BestHTTP.Forms","HTTPFormUsage","assembly-local dependency"
"BestHTTP.HTTPMethods","BestHTTP","HTTPMethods","assembly-local dependency"
"BestHTTP.HTTPProxy","BestHTTP","HTTPProxy","assembly-local dependency"
"BestHTTP.HTTPRange","BestHTTP","HTTPRange","assembly-local dependency"
"BestHTTP.HTTPRequest","BestHTTP","HTTPRequest","closure root"
"BestHTTP.HTTPRequestStates","BestHTTP","HTTPRequestStates","assembly-local dependency"
"BestHTTP.HTTPResponse","BestHTTP","HTTPResponse","closure root"
"BestHTTP.OnBeforeRedirectionDelegate","BestHTTP","OnBeforeRedirectionDelegate","assembly-local dependency"
"BestHTTP.OnDownloadProgressDelegate","BestHTTP","OnDownloadProgressDelegate","assembly-local dependency"
"BestHTTP.OnHeaderEnumerationDelegate","BestHTTP","OnHeaderEnumerationDelegate","assembly-local dependency"
"BestHTTP.OnRequestFinishedDelegate","BestHTTP","OnRequestFinishedDelegate","assembly-local dependency"
"BestHTTP.OnUploadProgressDelegate","BestHTTP","OnUploadProgressDelegate","assembly-local dependency"
"BestHTTP.SupportedProtocols","BestHTTP","SupportedProtocols","assembly-local dependency"
"BetterList`1","","BetterList`1","assembly-local dependency"
"CameraPath","","CameraPath","assembly-local dependency"
"CameraPathAnimator","","CameraPathAnimator","closure root"
"CameraPathControlPoint","","CameraPathControlPoint","assembly-local dependency"
"CameraPathDelay","","CameraPathDelay","assembly-local dependency"
"CameraPathDelayList","","CameraPathDelayList","assembly-local dependency"
"CameraPathEvent","","CameraPathEvent","assembly-local dependency"
"CameraPathEventList","","CameraPathEventList","assembly-local dependency"
"CameraPathFOV","","CameraPathFOV","assembly-local dependency"
"CameraPathFOVList","","CameraPathFOVList","assembly-local dependency"
"CameraPathOrientation","","CameraPathOrientation","assembly-local dependency"
"CameraPathOrientationList","","CameraPathOrientationList","assembly-local dependency"
"CameraPathPoint","","CameraPathPoint","assembly-local dependency"
"CameraPathPointList","","CameraPathPointList","assembly-local dependency"
"CameraPathSpeed","","CameraPathSpeed","assembly-local dependency"
"CameraPathSpeedList","","CameraPathSpeedList","assembly-local dependency"
"CameraPathTilt","","CameraPathTilt","assembly-local dependency"
"CameraPathTiltList","","CameraPathTiltList","assembly-local dependency"
"CloudRegionCode","","CloudRegionCode","closure root"
"CodeStage.AntiCheat.ObscuredTypes.ObscuredBool","CodeStage.AntiCheat.ObscuredTypes","ObscuredBool","closure root"
"CodeStage.AntiCheat.ObscuredTypes.ObscuredFloat","CodeStage.AntiCheat.ObscuredTypes","ObscuredFloat","assembly-local dependency"
"CodeStage.AntiCheat.ObscuredTypes.ObscuredInt","CodeStage.AntiCheat.ObscuredTypes","ObscuredInt","assembly-local dependency"
"CodeStage.AntiCheat.ObscuredTypes.ObscuredUInt","CodeStage.AntiCheat.ObscuredTypes","ObscuredUInt","assembly-local dependency"
"Core_BaseScript","","Core_BaseScript","closure root"
"CoroutineReturn","","CoroutineReturn","assembly-local dependency"
"CutoutPlugin","","CutoutPlugin","closure root"
"DisconnectCause","","DisconnectCause","closure root"
"Google2u.AdBoosterWeights","Google2u","AdBoosterWeights","closure root"
"Google2u.AdBoosterWeightsRow","Google2u","AdBoosterWeightsRow","assembly-local dependency"
"Google2u.ArenaLootboxes","Google2u","ArenaLootboxes","closure root"
"Google2u.ArenaLootboxesRow","Google2u","ArenaLootboxesRow","assembly-local dependency"
"Google2u.ArmyUpgrades","Google2u","ArmyUpgrades","closure root"
"Google2u.ArmyUpgradesRow","Google2u","ArmyUpgradesRow","closure root"
"Google2u.AssaultRifle_ART8","Google2u","AssaultRifle_ART8","closure root"
"Google2u.AssaultRifle_ART8BM","Google2u","AssaultRifle_ART8BM","closure root"
"Google2u.AssaultRifle_ART8BMRow","Google2u","AssaultRifle_ART8BMRow","assembly-local dependency"
"Google2u.AssaultRifle_ART8Row","Google2u","AssaultRifle_ART8Row","assembly-local dependency"
"Google2u.AssaultRifle_ART9","Google2u","AssaultRifle_ART9","closure root"
"Google2u.AssaultRifle_ART9BM","Google2u","AssaultRifle_ART9BM","closure root"
"Google2u.AssaultRifle_ART9BMRow","Google2u","AssaultRifle_ART9BMRow","assembly-local dependency"
"Google2u.AssaultRifle_ART9Row","Google2u","AssaultRifle_ART9Row","assembly-local dependency"
"Google2u.AssaultRifle_XM8","Google2u","AssaultRifle_XM8","closure root"
"Google2u.AssaultRifle_XM8BM","Google2u","AssaultRifle_XM8BM","closure root"
"Google2u.AssaultRifle_XM8BMRow","Google2u","AssaultRifle_XM8BMRow","assembly-local dependency"
"Google2u.AssaultRifle_XM8Row","Google2u","AssaultRifle_XM8Row","assembly-local dependency"
"Google2u.AugmentationConstants","Google2u","AugmentationConstants","closure root"
"Google2u.AugmentationConstantsRow","Google2u","AugmentationConstantsRow","assembly-local dependency"
"Google2u.AugmentationCrates","Google2u","AugmentationCrates","closure root"
"Google2u.AugmentationCratesRow","Google2u","AugmentationCratesRow","assembly-local dependency"
"Google2u.AugmentationEffectMultipliers","Google2u","AugmentationEffectMultipliers","closure root"
"Google2u.AugmentationEffectMultipliersRow","Google2u","AugmentationEffectMultipliersRow","assembly-local dependency"
"Google2u.AugmentationEffectValues","Google2u","AugmentationEffectValues","closure root"
"Google2u.AugmentationEffectValuesRow","Google2u","AugmentationEffectValuesRow","assembly-local dependency"
"Google2u.AugmentationEffects","Google2u","AugmentationEffects","closure root"
"Google2u.AugmentationEffectsRow","Google2u","AugmentationEffectsRow","assembly-local dependency"
"Google2u.AugmentationLevels","Google2u","AugmentationLevels","closure root"
"Google2u.AugmentationLevelsRow","Google2u","AugmentationLevelsRow","assembly-local dependency"
"Google2u.AugmentationRarities","Google2u","AugmentationRarities","closure root"
"Google2u.AugmentationRaritiesRow","Google2u","AugmentationRaritiesRow","assembly-local dependency"
"Google2u.AugmentationTriggers","Google2u","AugmentationTriggers","closure root"
"Google2u.AugmentationTriggersRow","Google2u","AugmentationTriggersRow","assembly-local dependency"
"Google2u.Bazooka_Juggernaut","Google2u","Bazooka_Juggernaut","closure root"
"Google2u.Bazooka_JuggernautBM","Google2u","Bazooka_JuggernautBM","closure root"
"Google2u.Bazooka_JuggernautBMRow","Google2u","Bazooka_JuggernautBMRow","assembly-local dependency"
"Google2u.Bazooka_JuggernautElite","Google2u","Bazooka_JuggernautElite","closure root"
"Google2u.Bazooka_JuggernautEliteRow","Google2u","Bazooka_JuggernautEliteRow","assembly-local dependency"
"Google2u.Bazooka_JuggernautRow","Google2u","Bazooka_JuggernautRow","assembly-local dependency"
"Google2u.Bazooka_RLT8","Google2u","Bazooka_RLT8","closure root"
"Google2u.Bazooka_RLT8BM","Google2u","Bazooka_RLT8BM","closure root"
"Google2u.Bazooka_RLT8BMRow","Google2u","Bazooka_RLT8BMRow","assembly-local dependency"
"Google2u.Bazooka_RLT8Row","Google2u","Bazooka_RLT8Row","assembly-local dependency"
"Google2u.Bazooka_RLT9","Google2u","Bazooka_RLT9","closure root"
"Google2u.Bazooka_RLT9BM","Google2u","Bazooka_RLT9BM","closure root"
"Google2u.Bazooka_RLT9BMRow","Google2u","Bazooka_RLT9BMRow","assembly-local dependency"
"Google2u.Bazooka_RLT9Row","Google2u","Bazooka_RLT9Row","assembly-local dependency"
"Google2u.BoosterLevels","Google2u","BoosterLevels","closure root"
"Google2u.BoosterLevelsRow","Google2u","BoosterLevelsRow","assembly-local dependency"
"Google2u.BotPerks","Google2u","BotPerks","closure root"
"Google2u.BotPerksRow","Google2u","BotPerksRow","assembly-local dependency"
"Google2u.CardDefinitions","Google2u","CardDefinitions","closure root"
"Google2u.CardDefinitionsRow","Google2u","CardDefinitionsRow","closure root"
"Google2u.CommanderObjectives","Google2u","CommanderObjectives","closure root"
"Google2u.CommanderObjectivesRow","Google2u","CommanderObjectivesRow","assembly-local dependency"
"Google2u.Constants","Google2u","Constants","closure root"
"Google2u.ConstantsRow","Google2u","ConstantsRow","assembly-local dependency"
"Google2u.DBUpgradeSlotsBackbone","Google2u","DBUpgradeSlotsBackbone","closure root"
"Google2u.DBUpgradeSlotsBackboneRow","Google2u","DBUpgradeSlotsBackboneRow","assembly-local dependency"
"Google2u.DBUpgradeSlotsBreach","Google2u","DBUpgradeSlotsBreach","closure root"
"Google2u.DBUpgradeSlotsBreachRow","Google2u","DBUpgradeSlotsBreachRow","assembly-local dependency"
"Google2u.DBUpgradeSlotsBunker","Google2u","DBUpgradeSlotsBunker","closure root"
"Google2u.DBUpgradeSlotsBunkerRow","Google2u","DBUpgradeSlotsBunkerRow","assembly-local dependency"
"Google2u.DBUpgradeSlotsChemical","Google2u","DBUpgradeSlotsChemical","closure root"
"Google2u.DBUpgradeSlotsChemicalRow","Google2u","DBUpgradeSlotsChemicalRow","assembly-local dependency"
"Google2u.DBUpgradeSlotsCrossbowSniper","Google2u","DBUpgradeSlotsCrossbowSniper","closure root"
"Google2u.DBUpgradeSlotsCrossbowSniperRow","Google2u","DBUpgradeSlotsCrossbowSniperRow","assembly-local dependency"
"Google2u.DBUpgradeSlotsExoMech","Google2u","DBUpgradeSlotsExoMech","closure root"
"Google2u.DBUpgradeSlotsExoMechRow","Google2u","DBUpgradeSlotsExoMechRow","assembly-local dependency"
"Google2u.DBUpgradeSlotsExoPilot","Google2u","DBUpgradeSlotsExoPilot","closure root"
"Google2u.DBUpgradeSlotsExoPilotRow","Google2u","DBUpgradeSlotsExoPilotRow","assembly-local dependency"
"Google2u.DBUpgradeSlotsHavoc","Google2u","DBUpgradeSlotsHavoc","closure root"
"Google2u.DBUpgradeSlotsHavocRow","Google2u","DBUpgradeSlotsHavocRow","assembly-local dependency"
"Google2u.DBUpgradeSlotsInstinct","Google2u","DBUpgradeSlotsInstinct","closure root"
"Google2u.DBUpgradeSlotsInstinctRow","Google2u","DBUpgradeSlotsInstinctRow","assembly-local dependency"
"Google2u.DBUpgradeSlotsMech","Google2u","DBUpgradeSlotsMech","closure root"
"Google2u.DBUpgradeSlotsMechRow","Google2u","DBUpgradeSlotsMechRow","assembly-local dependency"
"Google2u.DBUpgradeSlotsOrb","Google2u","DBUpgradeSlotsOrb","closure root"
"Google2u.DBUpgradeSlotsOrbRow","Google2u","DBUpgradeSlotsOrbRow","assembly-local dependency"
"Google2u.DBUpgradeSlotsOverseer","Google2u","DBUpgradeSlotsOverseer","closure root"
"Google2u.DBUpgradeSlotsOverseerRow","Google2u","DBUpgradeSlotsOverseerRow","assembly-local dependency"
"Google2u.DBUpgradeSlotsRenegade","Google2u","DBUpgradeSlotsRenegade","closure root"
"Google2u.DBUpgradeSlotsRenegadeRow","Google2u","DBUpgradeSlotsRenegadeRow","assembly-local dependency"
"Google2u.DBUpgradeSlotsRiko","Google2u","DBUpgradeSlotsRiko","closure root"
"Google2u.DBUpgradeSlotsRikoRow","Google2u","DBUpgradeSlotsRikoRow","assembly-local dependency"
"Google2u.DBUpgradeSlotsSilverstrike","Google2u","DBUpgradeSlotsSilverstrike","closure root"
"Google2u.DBUpgradeSlotsSilverstrikeRow","Google2u","DBUpgradeSlotsSilverstrikeRow","assembly-local dependency"
"Google2u.DBUpgradeSlotsSpecter","Google2u","DBUpgradeSlotsSpecter","closure root"
"Google2u.DBUpgradeSlotsSpecterRow","Google2u","DBUpgradeSlotsSpecterRow","assembly-local dependency"
"Google2u.DBUpgradeSlotsSpiderBot","Google2u","DBUpgradeSlotsSpiderBot","closure root"
"Google2u.DBUpgradeSlotsSpiderBotRow","Google2u","DBUpgradeSlotsSpiderBotRow","assembly-local dependency"
"Google2u.DBUpgradeSlotsSurge","Google2u","DBUpgradeSlotsSurge","closure root"
"Google2u.DBUpgradeSlotsSurgeRow","Google2u","DBUpgradeSlotsSurgeRow","assembly-local dependency"
"Google2u.DBUpgradeSlotsVTOL","Google2u","DBUpgradeSlotsVTOL","closure root"
"Google2u.DBUpgradeSlotsVTOLRow","Google2u","DBUpgradeSlotsVTOLRow","assembly-local dependency"
"Google2u.EliteFinisherPacks","Google2u","EliteFinisherPacks","closure root"
"Google2u.EliteFinisherPacksRow","Google2u","EliteFinisherPacksRow","assembly-local dependency"
"Google2u.Google2uComponentBase","Google2u","Google2uComponentBase","assembly-local dependency"
"Google2u.GrenadeLauncher_GLT8","Google2u","GrenadeLauncher_GLT8","closure root"
"Google2u.GrenadeLauncher_GLT8BM","Google2u","GrenadeLauncher_GLT8BM","closure root"
"Google2u.GrenadeLauncher_GLT8BMRow","Google2u","GrenadeLauncher_GLT8BMRow","assembly-local dependency"
"Google2u.GrenadeLauncher_GLT8Row","Google2u","GrenadeLauncher_GLT8Row","assembly-local dependency"
"Google2u.GrenadeLauncher_GLT9","Google2u","GrenadeLauncher_GLT9","closure root"
"Google2u.GrenadeLauncher_GLT9BM","Google2u","GrenadeLauncher_GLT9BM","closure root"
"Google2u.GrenadeLauncher_GLT9BMRow","Google2u","GrenadeLauncher_GLT9BMRow","assembly-local dependency"
"Google2u.GrenadeLauncher_GLT9Row","Google2u","GrenadeLauncher_GLT9Row","assembly-local dependency"
"Google2u.GrenadeLauncher_XM25","Google2u","GrenadeLauncher_XM25","closure root"
"Google2u.GrenadeLauncher_XM25BM","Google2u","GrenadeLauncher_XM25BM","closure root"
"Google2u.GrenadeLauncher_XM25BMRow","Google2u","GrenadeLauncher_XM25BMRow","assembly-local dependency"
"Google2u.GrenadeLauncher_XM25Row","Google2u","GrenadeLauncher_XM25Row","assembly-local dependency"
"Google2u.Grenade_Doombringer","Google2u","Grenade_Doombringer","closure root"
"Google2u.Grenade_DoombringerBM","Google2u","Grenade_DoombringerBM","closure root"
"Google2u.Grenade_DoombringerBMRow","Google2u","Grenade_DoombringerBMRow","assembly-local dependency"
"Google2u.Grenade_DoombringerRow","Google2u","Grenade_DoombringerRow","assembly-local dependency"
"Google2u.Grenade_GT8","Google2u","Grenade_GT8","closure root"
"Google2u.Grenade_GT8BM","Google2u","Grenade_GT8BM","closure root"
"Google2u.Grenade_GT8BMRow","Google2u","Grenade_GT8BMRow","assembly-local dependency"
"Google2u.Grenade_GT8Row","Google2u","Grenade_GT8Row","assembly-local dependency"
"Google2u.Grenade_GT9","Google2u","Grenade_GT9","closure root"
"Google2u.Grenade_GT9BM","Google2u","Grenade_GT9BM","closure root"
"Google2u.Grenade_GT9BMRow","Google2u","Grenade_GT9BMRow","assembly-local dependency"
"Google2u.Grenade_GT9Row","Google2u","Grenade_GT9Row","assembly-local dependency"
"Google2u.IGoogle2uDB","Google2u","IGoogle2uDB","assembly-local dependency"
"Google2u.IGoogle2uRow","Google2u","IGoogle2uRow","assembly-local dependency"
"Google2u.InApps","Google2u","InApps","closure root"
"Google2u.InAppsRow","Google2u","InAppsRow","assembly-local dependency"
"Google2u.InvasionConstants","Google2u","InvasionConstants","closure root"
"Google2u.InvasionConstantsRow","Google2u","InvasionConstantsRow","assembly-local dependency"
"Google2u.InvasionSpawnSettings","Google2u","InvasionSpawnSettings","closure root"
"Google2u.InvasionSpawnSettingsRow","Google2u","InvasionSpawnSettingsRow","assembly-local dependency"
"Google2u.LMG_MinigunElite","Google2u","LMG_MinigunElite","closure root"
"Google2u.LMG_MinigunEliteRow","Google2u","LMG_MinigunEliteRow","assembly-local dependency"
"Google2u.LMG_StarHammer","Google2u","LMG_StarHammer","closure root"
"Google2u.LMG_StarHammerBM","Google2u","LMG_StarHammerBM","closure root"
"Google2u.LMG_StarHammerBMRow","Google2u","LMG_StarHammerBMRow","assembly-local dependency"
"Google2u.LMG_StarHammerRow","Google2u","LMG_StarHammerRow","assembly-local dependency"
"Google2u.LMG_T8","Google2u","LMG_T8","closure root"
"Google2u.LMG_T8BM","Google2u","LMG_T8BM","closure root"
"Google2u.LMG_T8BMRow","Google2u","LMG_T8BMRow","assembly-local dependency"
"Google2u.LMG_T8Row","Google2u","LMG_T8Row","assembly-local dependency"
"Google2u.LMG_T9","Google2u","LMG_T9","closure root"
"Google2u.LMG_T9BM","Google2u","LMG_T9BM","closure root"
"Google2u.LMG_T9BMRow","Google2u","LMG_T9BMRow","assembly-local dependency"
"Google2u.LMG_T9Row","Google2u","LMG_T9Row","assembly-local dependency"
"Google2u.Levels","Google2u","Levels","closure root"
"Google2u.LevelsRow","Google2u","LevelsRow","closure root"
"Google2u.Minigun_Avenger","Google2u","Minigun_Avenger","closure root"
"Google2u.Minigun_AvengerRow","Google2u","Minigun_AvengerRow","assembly-local dependency"
"Google2u.Minigun_Looper","Google2u","Minigun_Looper","closure root"
"Google2u.Minigun_LooperRow","Google2u","Minigun_LooperRow","assembly-local dependency"
"Google2u.Minigun_T9BM","Google2u","Minigun_T9BM","closure root"
"Google2u.Minigun_T9BMRow","Google2u","Minigun_T9BMRow","assembly-local dependency"
"Google2u.Minigun_TripleThreatBM","Google2u","Minigun_TripleThreatBM","closure root"
"Google2u.Minigun_TripleThreatBMRow","Google2u","Minigun_TripleThreatBMRow","assembly-local dependency"
"Google2u.Minigun_Vindicator","Google2u","Minigun_Vindicator","closure root"
"Google2u.Minigun_VindicatorRow","Google2u","Minigun_VindicatorRow","assembly-local dependency"
"Google2u.Packs","Google2u","Packs","closure root"
"Google2u.PacksRow","Google2u","PacksRow","assembly-local dependency"
"Google2u.PiggyBank","Google2u","PiggyBank","closure root"
"Google2u.PiggyBankRow","Google2u","PiggyBankRow","assembly-local dependency"
"Google2u.Pistol_P320","Google2u","Pistol_P320","closure root"
"Google2u.Pistol_P320Row","Google2u","Pistol_P320Row","assembly-local dependency"
"Google2u.PlayerBotDiffcultiesRow","Google2u","PlayerBotDiffcultiesRow","closure root"
"Google2u.PlayerVisuals","Google2u","PlayerVisuals","closure root"
"Google2u.PlayerVisualsRarities","Google2u","PlayerVisualsRarities","closure root"
"Google2u.PlayerVisualsRaritiesRow","Google2u","PlayerVisualsRaritiesRow","assembly-local dependency"
"Google2u.PlayerVisualsRow","Google2u","PlayerVisualsRow","closure root"
"Google2u.Prestige","Google2u","Prestige","closure root"
"Google2u.PrestigeRow","Google2u","PrestigeRow","assembly-local dependency"
"Google2u.PulseRifle_Grade1","Google2u","PulseRifle_Grade1","closure root"
"Google2u.PulseRifle_Grade1BM","Google2u","PulseRifle_Grade1BM","closure root"
"Google2u.PulseRifle_Grade1BMRow","Google2u","PulseRifle_Grade1BMRow","assembly-local dependency"
"Google2u.PulseRifle_Grade1Row","Google2u","PulseRifle_Grade1Row","assembly-local dependency"
"Google2u.PulseRifle_Grade2","Google2u","PulseRifle_Grade2","closure root"
"Google2u.PulseRifle_Grade2BM","Google2u","PulseRifle_Grade2BM","closure root"
"Google2u.PulseRifle_Grade2BMRow","Google2u","PulseRifle_Grade2BMRow","assembly-local dependency"
"Google2u.PulseRifle_Grade2Row","Google2u","PulseRifle_Grade2Row","assembly-local dependency"
"Google2u.PulseRifle_Grade3","Google2u","PulseRifle_Grade3","closure root"
"Google2u.PulseRifle_Grade3BM","Google2u","PulseRifle_Grade3BM","closure root"
"Google2u.PulseRifle_Grade3BMRow","Google2u","PulseRifle_Grade3BMRow","assembly-local dependency"
"Google2u.PulseRifle_Grade3Row","Google2u","PulseRifle_Grade3Row","assembly-local dependency"
"Google2u.PulseRifle_Grade4","Google2u","PulseRifle_Grade4","closure root"
"Google2u.PulseRifle_Grade4BM","Google2u","PulseRifle_Grade4BM","closure root"
"Google2u.PulseRifle_Grade4BMRow","Google2u","PulseRifle_Grade4BMRow","assembly-local dependency"
"Google2u.PulseRifle_Grade4Row","Google2u","PulseRifle_Grade4Row","assembly-local dependency"
"Google2u.PulseRifle_Grade5","Google2u","PulseRifle_Grade5","closure root"
"Google2u.PulseRifle_Grade5BM","Google2u","PulseRifle_Grade5BM","closure root"
"Google2u.PulseRifle_Grade5BMRow","Google2u","PulseRifle_Grade5BMRow","assembly-local dependency"
"Google2u.PulseRifle_Grade5Row","Google2u","PulseRifle_Grade5Row","assembly-local dependency"
"Google2u.PulseRifle_Grade6","Google2u","PulseRifle_Grade6","closure root"
"Google2u.PulseRifle_Grade6BM","Google2u","PulseRifle_Grade6BM","closure root"
"Google2u.PulseRifle_Grade6BMRow","Google2u","PulseRifle_Grade6BMRow","assembly-local dependency"
"Google2u.PulseRifle_Grade6Row","Google2u","PulseRifle_Grade6Row","assembly-local dependency"
"Google2u.PulseRifle_Grade7","Google2u","PulseRifle_Grade7","closure root"
"Google2u.PulseRifle_Grade7BM","Google2u","PulseRifle_Grade7BM","closure root"
"Google2u.PulseRifle_Grade7BMRow","Google2u","PulseRifle_Grade7BMRow","assembly-local dependency"
"Google2u.PulseRifle_Grade7Row","Google2u","PulseRifle_Grade7Row","assembly-local dependency"
"Google2u.PulseRifle_Grade8","Google2u","PulseRifle_Grade8","closure root"
"Google2u.PulseRifle_Grade8BM","Google2u","PulseRifle_Grade8BM","closure root"
"Google2u.PulseRifle_Grade8BMRow","Google2u","PulseRifle_Grade8BMRow","assembly-local dependency"
"Google2u.PulseRifle_Grade8Row","Google2u","PulseRifle_Grade8Row","assembly-local dependency"
"Google2u.PulseRifle_PR9","Google2u","PulseRifle_PR9","closure root"
"Google2u.PulseRifle_PR9BM","Google2u","PulseRifle_PR9BM","closure root"
"Google2u.PulseRifle_PR9BMRow","Google2u","PulseRifle_PR9BMRow","assembly-local dependency"
"Google2u.PulseRifle_PR9Row","Google2u","PulseRifle_PR9Row","assembly-local dependency"
"Google2u.SMG_Apollo","Google2u","SMG_Apollo","closure root"
"Google2u.SMG_ApolloBM","Google2u","SMG_ApolloBM","closure root"
"Google2u.SMG_ApolloBMRow","Google2u","SMG_ApolloBMRow","assembly-local dependency"
"Google2u.SMG_ApolloRow","Google2u","SMG_ApolloRow","assembly-local dependency"
"Google2u.SMG_Apollo_elite","Google2u","SMG_Apollo_elite","closure root"
"Google2u.SMG_Apollo_eliteRow","Google2u","SMG_Apollo_eliteRow","assembly-local dependency"
"Google2u.SMG_ST8","Google2u","SMG_ST8","closure root"
"Google2u.SMG_ST8BM","Google2u","SMG_ST8BM","closure root"
"Google2u.SMG_ST8BMRow","Google2u","SMG_ST8BMRow","assembly-local dependency"
"Google2u.SMG_ST8Row","Google2u","SMG_ST8Row","assembly-local dependency"
"Google2u.SMG_ST9","Google2u","SMG_ST9","closure root"
"Google2u.SMG_ST9BM","Google2u","SMG_ST9BM","closure root"
"Google2u.SMG_ST9BMRow","Google2u","SMG_ST9BMRow","assembly-local dependency"
"Google2u.SMG_ST9Row","Google2u","SMG_ST9Row","assembly-local dependency"
"Google2u.Shields","Google2u","Shields","closure root"
"Google2u.ShieldsRow","Google2u","ShieldsRow","assembly-local dependency"
"Google2u.Shotgun_DP12","Google2u","Shotgun_DP12","closure root"
"Google2u.Shotgun_DP12BM","Google2u","Shotgun_DP12BM","closure root"
"Google2u.Shotgun_DP12BMRow","Google2u","Shotgun_DP12BMRow","assembly-local dependency"
"Google2u.Shotgun_DP12Elite","Google2u","Shotgun_DP12Elite","closure root"
"Google2u.Shotgun_DP12EliteRow","Google2u","Shotgun_DP12EliteRow","assembly-local dependency"
"Google2u.Shotgun_DP12Row","Google2u","Shotgun_DP12Row","assembly-local dependency"
"Google2u.Shotgun_SGT8","Google2u","Shotgun_SGT8","closure root"
"Google2u.Shotgun_SGT8BM","Google2u","Shotgun_SGT8BM","closure root"
"Google2u.Shotgun_SGT8BMRow","Google2u","Shotgun_SGT8BMRow","assembly-local dependency"
"Google2u.Shotgun_SGT8Row","Google2u","Shotgun_SGT8Row","assembly-local dependency"
"Google2u.Shotgun_SGT9","Google2u","Shotgun_SGT9","closure root"
"Google2u.Shotgun_SGT9BM","Google2u","Shotgun_SGT9BM","closure root"
"Google2u.Shotgun_SGT9BMRow","Google2u","Shotgun_SGT9BMRow","assembly-local dependency"
"Google2u.Shotgun_SGT9Row","Google2u","Shotgun_SGT9Row","assembly-local dependency"
"Google2u.SniperRifle_3Eyes","Google2u","SniperRifle_3Eyes","closure root"
"Google2u.SniperRifle_3EyesBM","Google2u","SniperRifle_3EyesBM","closure root"
"Google2u.SniperRifle_3EyesBMRow","Google2u","SniperRifle_3EyesBMRow","assembly-local dependency"
"Google2u.SniperRifle_3EyesElite","Google2u","SniperRifle_3EyesElite","closure root"
"Google2u.SniperRifle_3EyesEliteRow","Google2u","SniperRifle_3EyesEliteRow","assembly-local dependency"
"Google2u.SniperRifle_3EyesRow","Google2u","SniperRifle_3EyesRow","assembly-local dependency"
"Google2u.SniperRifle_SRT8","Google2u","SniperRifle_SRT8","closure root"
"Google2u.SniperRifle_SRT8BM","Google2u","SniperRifle_SRT8BM","closure root"
"Google2u.SniperRifle_SRT8BMRow","Google2u","SniperRifle_SRT8BMRow","assembly-local dependency"
"Google2u.SniperRifle_SRT8Row","Google2u","SniperRifle_SRT8Row","assembly-local dependency"
"Google2u.SniperRifle_SRT9","Google2u","SniperRifle_SRT9","closure root"
"Google2u.SniperRifle_SRT9BM","Google2u","SniperRifle_SRT9BM","closure root"
"Google2u.SniperRifle_SRT9BMRow","Google2u","SniperRifle_SRT9BMRow","assembly-local dependency"
"Google2u.SniperRifle_SRT9Row","Google2u","SniperRifle_SRT9Row","assembly-local dependency"
"Google2u.SpecialOperations","Google2u","SpecialOperations","closure root"
"Google2u.SpecialOperationsRow","Google2u","SpecialOperationsRow","assembly-local dependency"
"Google2u.SquadWarsRewardV2","Google2u","SquadWarsRewardV2","closure root"
"Google2u.SquadWarsRewardV2Row","Google2u","SquadWarsRewardV2Row","assembly-local dependency"
"Google2u.SuperSquadQualPoints","Google2u","SuperSquadQualPoints","closure root"
"Google2u.SuperSquadQualPointsRow","Google2u","SuperSquadQualPointsRow","assembly-local dependency"
"Google2u.SuperchargedUnitEffects","Google2u","SuperchargedUnitEffects","closure root"
"Google2u.SuperchargedUnitEffectsRow","Google2u","SuperchargedUnitEffectsRow","assembly-local dependency"
"Google2u.WarArenaParameters","Google2u","WarArenaParameters","closure root"
"Google2u.WarArenaParametersRow","Google2u","WarArenaParametersRow","assembly-local dependency"
"Google2u.WeaponAugEffects","Google2u","WeaponAugEffects","closure root"
"Google2u.WeaponAugEffectsRow","Google2u","WeaponAugEffectsRow","assembly-local dependency"
"Google2u.WeaponAugLevels","Google2u","WeaponAugLevels","closure root"
"Google2u.WeaponAugLevelsRow","Google2u","WeaponAugLevelsRow","assembly-local dependency"
"Google2u.WeaponAugStatBonuses","Google2u","WeaponAugStatBonuses","closure root"
"Google2u.WeaponAugStatBonusesRow","Google2u","WeaponAugStatBonusesRow","assembly-local dependency"
"Google2u.WeaponAugValues","Google2u","WeaponAugValues","closure root"
"Google2u.WeaponAugValuesRow","Google2u","WeaponAugValuesRow","assembly-local dependency"
"Google2u.WeaponFeatures","Google2u","WeaponFeatures","closure root"
"Google2u.WeaponFeaturesRow","Google2u","WeaponFeaturesRow","assembly-local dependency"
"Google2u.WeaponUpgrades","Google2u","WeaponUpgrades","closure root"
"Google2u.WeaponUpgradesRow","Google2u","WeaponUpgradesRow","closure root"
"IOnConnectedToMasterSubscriber","","IOnConnectedToMasterSubscriber","closure root"
"IOnConnectedToPhotonSubscriber","","IOnConnectedToPhotonSubscriber","closure root"
"IOnConnectionFailSubscriber","","IOnConnectionFailSubscriber","closure root"
"IOnCreatedRoomSubscriber","","IOnCreatedRoomSubscriber","closure root"
"IOnCustomAuthenticationFailedSubscriber","","IOnCustomAuthenticationFailedSubscriber","closure root"
"IOnDisconnectedFromPhotonSubscriber","","IOnDisconnectedFromPhotonSubscriber","closure root"
"IOnJoinedLobbySubscriber","","IOnJoinedLobbySubscriber","closure root"
"IOnJoinedRoomSubscriber","","IOnJoinedRoomSubscriber","closure root"
"IOnLeftRoomSubscriber","","IOnLeftRoomSubscriber","closure root"
"IOnPhotonCreateRoomFailedSubscriber","","IOnPhotonCreateRoomFailedSubscriber","closure root"
"IOnPhotonCustomRoomPropertiesChangedSubscriber","","IOnPhotonCustomRoomPropertiesChangedSubscriber","closure root"
"IOnPhotonJoinRoomFailedSubscriber","","IOnPhotonJoinRoomFailedSubscriber","closure root"
"IOnPhotonPlayerConnectedSubscriber","","IOnPhotonPlayerConnectedSubscriber","closure root"
"IOnPhotonPlayerDisconnectedSubscriber","","IOnPhotonPlayerDisconnectedSubscriber","closure root"
"IOnPhotonSerializeViewSubscriber","","IOnPhotonSerializeViewSubscriber","closure root"
"IPhotonEventSubscriber","","IPhotonEventSubscriber","closure root"
"IgnoreTimeScale","","IgnoreTimeScale","assembly-local dependency"
"LaserRenderer","","LaserRenderer","closure root"
"OnSerializeRigidBody","","OnSerializeRigidBody","assembly-local dependency"
"OnSerializeTransform","","OnSerializeTransform","assembly-local dependency"
"Org.BouncyCastle.Asn1.Asn1Encodable","Org.BouncyCastle.Asn1","Asn1Encodable","assembly-local dependency"
"Org.BouncyCastle.Asn1.Asn1Object","Org.BouncyCastle.Asn1","Asn1Object","assembly-local dependency"
"Org.BouncyCastle.Asn1.Asn1OctetString","Org.BouncyCastle.Asn1","Asn1OctetString","assembly-local dependency"
"Org.BouncyCastle.Asn1.Asn1OctetStringParser","Org.BouncyCastle.Asn1","Asn1OctetStringParser","assembly-local dependency"
"Org.BouncyCastle.Asn1.Asn1Sequence","Org.BouncyCastle.Asn1","Asn1Sequence","assembly-local dependency"
"Org.BouncyCastle.Asn1.Asn1SequenceParser","Org.BouncyCastle.Asn1","Asn1SequenceParser","assembly-local dependency"
"Org.BouncyCastle.Asn1.Asn1TaggedObject","Org.BouncyCastle.Asn1","Asn1TaggedObject","assembly-local dependency"
"Org.BouncyCastle.Asn1.Asn1TaggedObjectParser","Org.BouncyCastle.Asn1","Asn1TaggedObjectParser","assembly-local dependency"
"Org.BouncyCastle.Asn1.DerBitString","Org.BouncyCastle.Asn1","DerBitString","assembly-local dependency"
"Org.BouncyCastle.Asn1.DerBoolean","Org.BouncyCastle.Asn1","DerBoolean","assembly-local dependency"
"Org.BouncyCastle.Asn1.DerInteger","Org.BouncyCastle.Asn1","DerInteger","assembly-local dependency"
"Org.BouncyCastle.Asn1.DerObjectIdentifier","Org.BouncyCastle.Asn1","DerObjectIdentifier","assembly-local dependency"
"Org.BouncyCastle.Asn1.DerOutputStream","Org.BouncyCastle.Asn1","DerOutputStream","assembly-local dependency"
"Org.BouncyCastle.Asn1.DerStringBase","Org.BouncyCastle.Asn1","DerStringBase","assembly-local dependency"
"Org.BouncyCastle.Asn1.IAsn1Choice","Org.BouncyCastle.Asn1","IAsn1Choice","assembly-local dependency"
"Org.BouncyCastle.Asn1.IAsn1Convertible","Org.BouncyCastle.Asn1","IAsn1Convertible","assembly-local dependency"
"Org.BouncyCastle.Asn1.IAsn1String","Org.BouncyCastle.Asn1","IAsn1String","assembly-local dependency"
"Org.BouncyCastle.Asn1.Utilities.FilterStream","Org.BouncyCastle.Asn1.Utilities","FilterStream","assembly-local dependency"
"Org.BouncyCastle.Asn1.X509.AlgorithmIdentifier","Org.BouncyCastle.Asn1.X509","AlgorithmIdentifier","assembly-local dependency"
"Org.BouncyCastle.Asn1.X509.SubjectPublicKeyInfo","Org.BouncyCastle.Asn1.X509","SubjectPublicKeyInfo","assembly-local dependency"
"Org.BouncyCastle.Asn1.X509.TbsCertificateStructure","Org.BouncyCastle.Asn1.X509","TbsCertificateStructure","assembly-local dependency"
"Org.BouncyCastle.Asn1.X509.Time","Org.BouncyCastle.Asn1.X509","Time","assembly-local dependency"
"Org.BouncyCastle.Asn1.X509.X509CertificateStructure","Org.BouncyCastle.Asn1.X509","X509CertificateStructure","assembly-local dependency"
"Org.BouncyCastle.Asn1.X509.X509Extension","Org.BouncyCastle.Asn1.X509","X509Extension","assembly-local dependency"
"Org.BouncyCastle.Asn1.X509.X509Extensions","Org.BouncyCastle.Asn1.X509","X509Extensions","assembly-local dependency"
"Org.BouncyCastle.Asn1.X509.X509Name","Org.BouncyCastle.Asn1.X509","X509Name","assembly-local dependency"
"Org.BouncyCastle.Asn1.X509.X509NameEntryConverter","Org.BouncyCastle.Asn1.X509","X509NameEntryConverter","assembly-local dependency"
"Org.BouncyCastle.Crypto.IDigest","Org.BouncyCastle.Crypto","IDigest","assembly-local dependency"
"Org.BouncyCastle.Crypto.Prng.DigestRandomGenerator","Org.BouncyCastle.Crypto.Prng","DigestRandomGenerator","assembly-local dependency"
"Org.BouncyCastle.Crypto.Prng.IRandomGenerator","Org.BouncyCastle.Crypto.Prng","IRandomGenerator","assembly-local dependency"
"Org.BouncyCastle.Crypto.Tls.Certificate","Org.BouncyCastle.Crypto.Tls","Certificate","assembly-local dependency"
"Org.BouncyCastle.Crypto.Tls.CertificateRequest","Org.BouncyCastle.Crypto.Tls","CertificateRequest","assembly-local dependency"
"Org.BouncyCastle.Crypto.Tls.ICertificateVerifyer","Org.BouncyCastle.Crypto.Tls","ICertificateVerifyer","assembly-local dependency"
"Org.BouncyCastle.Crypto.Tls.IClientCredentialsProvider","Org.BouncyCastle.Crypto.Tls","IClientCredentialsProvider","assembly-local dependency"
"Org.BouncyCastle.Crypto.Tls.ProtocolVersion","Org.BouncyCastle.Crypto.Tls","ProtocolVersion","assembly-local dependency"
"Org.BouncyCastle.Crypto.Tls.SecurityParameters","Org.BouncyCastle.Crypto.Tls","SecurityParameters","assembly-local dependency"
"Org.BouncyCastle.Crypto.Tls.SessionParameters","Org.BouncyCastle.Crypto.Tls","SessionParameters","assembly-local dependency"
"Org.BouncyCastle.Crypto.Tls.TlsContext","Org.BouncyCastle.Crypto.Tls","TlsContext","assembly-local dependency"
"Org.BouncyCastle.Crypto.Tls.TlsCredentials","Org.BouncyCastle.Crypto.Tls","TlsCredentials","assembly-local dependency"
"Org.BouncyCastle.Crypto.Tls.TlsSession","Org.BouncyCastle.Crypto.Tls","TlsSession","assembly-local dependency"
"Org.BouncyCastle.Math.BigInteger","Org.BouncyCastle.Math","BigInteger","assembly-local dependency"
"Org.BouncyCastle.Security.SecureRandom","Org.BouncyCastle.Security","SecureRandom","assembly-local dependency"
"OwnershipOption","","OwnershipOption","assembly-local dependency"
"Photon.MonoBehaviour","Photon","MonoBehaviour","closure root"
"PhotonMessageInfo","","PhotonMessageInfo","closure root"
"PhotonPlayer","","PhotonPlayer","closure root"
"PhotonStream","","PhotonStream","closure root"
"PhotonTargets","","PhotonTargets","assembly-local dependency"
"PhotonView","","PhotonView","closure root"
"PhysicsEventsListener","","PhysicsEventsListener","closure root"
"PunRPC","","PunRPC","closure root"
"QuickRope2","","QuickRope2","closure root"
"RadicalRoutine","","RadicalRoutine","closure root"
"RopeAttachedObject","","RopeAttachedObject","assembly-local dependency"
"RopeAttachmentJointType","","RopeAttachmentJointType","assembly-local dependency"
"RopeColliderType","","RopeColliderType","assembly-local dependency"
"RopeConstraint","","RopeConstraint","assembly-local dependency"
"SetDontDestroy","","SetDontDestroy","closure root"
"Singleton","","Singleton","assembly-local dependency"
"Singleton`1","","Singleton`1","closure root"
"SpringPanel","","SpringPanel","assembly-local dependency"
"TextMeshWithStroke","","TextMeshWithStroke","closure root"
"TimeScaleIgnorable","","TimeScaleIgnorable","closure root"
"TimeTweener","","TimeTweener","closure root"
"Timer","","Timer","closure root"
"Tuple`2","","Tuple`2","closure root"
"Tuple`3","","Tuple`3","assembly-local dependency"
"Tuple`4","","Tuple`4","closure root"
"TweenAlpha","","TweenAlpha","closure root"
"TweenAlphaTk2d","","TweenAlphaTk2d","closure root"
"TweenPosition","","TweenPosition","closure root"
"UIAnchor","","UIAnchor","closure root"
"UIAtlas","","UIAtlas","assembly-local dependency"
"UIButton","","UIButton","closure root"
"UIButtonColor","","UIButtonColor","assembly-local dependency"
"UIButtonScale","","UIButtonScale","closure root"
"UIButtonSound","","UIButtonSound","closure root"
"UIDraggablePanel","","UIDraggablePanel","assembly-local dependency"
"UIDrawCall","","UIDrawCall","assembly-local dependency"
"UIFont","","UIFont","assembly-local dependency"
"UIGeometry","","UIGeometry","assembly-local dependency"
"UIGrid","","UIGrid","assembly-local dependency"
"UIInput","","UIInput","closure root"
"UILabel","","UILabel","closure root"
"UIPanel","","UIPanel","assembly-local dependency"
"UIPooledClassicTable","","UIPooledClassicTable","closure root"
"UIPooledGrid","","UIPooledGrid","assembly-local dependency"
"UIPooledTableHorizontal","","UIPooledTableHorizontal","closure root"
"UIRoot","","UIRoot","assembly-local dependency"
"UIScrollBar","","UIScrollBar","assembly-local dependency"
"UISprite","","UISprite","assembly-local dependency"
"UITable","","UITable","closure root"
"UITexture","","UITexture","closure root"
"UITweener","","UITweener","closure root"
"UIWidget","","UIWidget","assembly-local dependency"
"ViewSynchronization","","ViewSynchronization","assembly-local dependency"
"myFilledSprite","","myFilledSprite","closure root"
"tk2dBaseSprite","","tk2dBaseSprite","closure root"
"tk2dCamera","","tk2dCamera","assembly-local dependency"
"tk2dCameraResolutionOverride","","tk2dCameraResolutionOverride","assembly-local dependency"
"tk2dCameraSettings","","tk2dCameraSettings","assembly-local dependency"
"tk2dFontChar","","tk2dFontChar","assembly-local dependency"
"tk2dFontData","","tk2dFontData","assembly-local dependency"
"tk2dFontKerning","","tk2dFontKerning","assembly-local dependency"
"tk2dRuntime.ISpriteCollectionForceBuild","tk2dRuntime","ISpriteCollectionForceBuild","assembly-local dependency"
"tk2dSprite","","tk2dSprite","closure root"
"tk2dSpriteCollectionData","","tk2dSpriteCollectionData","assembly-local dependency"
"tk2dSpriteCollectionSize","","tk2dSpriteCollectionSize","assembly-local dependency"
"tk2dSpriteDefinition","","tk2dSpriteDefinition","assembly-local dependency"
"tk2dTextMesh","","tk2dTextMesh","assembly-local dependency"
"tk2dTextMeshData","","tk2dTextMeshData","assembly-local dependency"
